GEOID,median_rent,median_value,median_income,log_rent,log_value,log_income,mf_share,gentle_density_share,high_density_share,sf_share,renter_share,treated_dupac,minority_share,poverty_rate,bea_monthly_cost
25009205900,1181.0,295600.0,74167.0,7.074116816197362,12.596762468056184,11.214074586292245,0.5118323191345504,0.460446247464503,0.05138607167004733,0.48816768086544965,0.4112676056338028,1,0.5314715359828142,0.2199043893959148,1549.4366666666665
25009206800,733.0,267300.0,27036.0,6.597145701886651,12.49612690212701,10.204924590220244,0.8725369458128078,0.2955665024630542,0.5769704433497537,0.12746305418719212,0.796332678454486,1,0.8197343453510436,0.2507163323782235,1401.0974999999999
25009210300,2060.0,340600.0,55085.0,7.630461261783627,12.738464047210725,10.916632725774166,0.577819392426134,0.02746566791510612,0.5503537245110279,0.3861839367457345,0.44329199549041715,0,0.03668370244179443,0.06391197471614186,1785.3116666666665
25009217600,928.0,576500.0,101964.0,6.833031732786201,13.264730618691251,11.532375088791541,0.21266471449487556,0.0746705710102489,0.13799414348462666,0.7873352855051244,0.23346007604562738,0,0.04581124072110286,0.035839672322995904,3021.820833333333
25009223300,1389.0,511400.0,108116.0,7.236339342754344,13.144907341839223,11.59096000377557,0.1794105083297736,0.05809483126868859,0.12131567706108501,0.8205894916702264,0.14997754827121687,0,0.039313795568263046,0.04040042903110475,2680.588333333333
25009250300,1179.0,259300.0,42353.0,7.072421900537371,12.465740971526756,10.653794535823947,0.762619372442019,0.529331514324693,0.23328785811732605,0.2373806275579809,0.8153846153846154,1,0.8935960591133005,0.18866995073891626,1359.1641666666667
25009252400,1220.0,283000.0,44861.0,7.106606137727303,12.553202176625375,10.711324099399532,0.7801465689540307,0.631578947368421,0.1485676215856096,0.21985343104596936,0.6411845730027548,1,0.8022772060433545,0.2284275076653526,1483.3916666666667
25009251400,1138.0,256500.0,51852.0,7.037027614686276,12.45488394359296,10.856148785719933,0.6488250652741514,0.5391644908616188,0.10966057441253264,0.35117493472584854,0.6263368983957219,1,0.8302069232256817,0.1911648177496038,1344.4875
25009252102,994.0,418600.0,115099.0,6.901737206656574,12.944671088994037,11.653547906574925,0.07066246056782334,0.07066246056782334,0.0,0.9293375394321767,0.05117845117845118,0,0.18774131274131275,0.07287644787644787,2194.1616666666664
25025020200,2040.0,675600.0,88026.0,7.620705086838262,13.423356463915782,11.3853875043677,0.9062631357713324,0.20008406893652794,0.7061790668348046,0.0937368642286675,0.7775718257645968,1,0.12679490652939582,0.1124356542942292,3541.27
25025030300,2640.0,1021400.0,120238.0,7.878534196140362,13.83668479319568,11.697228390888652,0.9912908242612752,0.02021772939346812,0.9710730948678071,0.004354587869362364,0.6093385214007782,0,0.10315031503150315,0.17193867649912672,5353.838333333333
25025061000,503.0,665600.0,38950.0,6.220590170099739,13.408444168489137,10.570034051298894,0.8773458445040214,0.35723860589812334,0.5201072386058981,0.12265415549597855,0.7618710134656272,1,0.5230864580105361,0.3182522466687326,3488.853333333333
25025061200,2383.0,631600.0,130625.0,7.776115477098742,13.356011561363625,11.780085901701213,0.8968834166987303,0.2193151212004617,0.6775682954982686,0.10311658330126972,0.5700503355704698,1,0.05968778696051423,0.06841138659320478,3310.6366666666668
25025090100,904.0,466300.0,32702.0,6.806829360392176,13.052584482796412,10.395191517094531,0.9372262773722628,0.6423357664233577,0.2948905109489051,0.057907542579075426,0.8550964187327824,1,1.0087412587412588,0.34557109557109555,2444.1891666666666
25025090200,955.0,522400.0,30500.0,6.86171134048073,13.166188856944359,10.325481962595504,0.9343148357870895,0.5300113250283126,0.4043035107587769,0.06568516421291053,0.8608374384236454,1,0.9215307305759567,0.34248163896405104,2738.2466666666664
25025090700,1577.0,440300.0,70575.0,7.3632795869630385,12.995211591743844,11.16443125312169,0.8862068965517241,0.6403940886699507,0.2458128078817734,0.11379310344827587,0.6096866096866097,1,0.1809989701338826,0.1825437693099897,2307.9058333333332
25025091200,1325.0,444400.0,90268.0,7.1891677384203225,13.004480336747612,11.410538302291801,0.8791469194312796,0.6927330173775671,0.18641390205371247,0.12085308056872038,0.5848540145985401,1,0.5007656967840735,0.1926153846153846,2329.3966666666665
25025100300,1531.0,348000.0,51736.0,7.333676395657684,12.759957758756611,10.853909143126428,0.717948717948718,0.6234432234432234,0.0945054945054945,0.28205128205128205,0.5740598618572524,1,0.9663906478324403,0.249692799213566,1824.1000000000001
25025101101,1694.0,372100.0,53523.0,7.434847875211999,12.826917914334715,10.887866747042812,0.7936643835616438,0.6815068493150684,0.11215753424657535,0.20633561643835616,0.6565836298932385,1,1.0987012987012987,0.167012987012987,1950.4241666666667
25025130300,1700.0,569400.0,118036.0,7.438383530044307,13.252338453826074,11.678744941664677,0.3225119744544971,0.25705162320383185,0.06546035125066525,0.6774880255455029,0.22536806342015855,1,0.08630227926532419,0.012392122150918344,2984.605
25025140102,1411.0,380700.0,83710.0,7.252053951852814,12.84976694237059,11.335113723654102,0.4323308270676692,0.31364124597207305,0.11868958109559613,0.5676691729323309,0.3039912520503007,1,0.6387340406401726,0.08756756756756756,1995.5024999999998
25025140300,1412.0,391900.0,45781.0,7.252762418053187,12.878761984187722,10.731624436867815,0.5876326381266008,0.3589462129527991,0.2286864251738017,0.4123673618733992,0.5673076923076923,1,0.8132730416278761,0.23994098712446352,2054.2091666666665
25025180400,1506.0,418500.0,81667.0,7.317212408359839,12.944432168911668,11.310405282483078,0.6068965517241379,0.41379310344827586,0.19310344827586207,0.3931034482758621,0.4312039312039312,1,0.2428174235403151,0.04349859681945744,2193.6375
25003934200,1587.0,346800.0,75982.0,7.369600720526409,12.756503523888524,11.238251749111685,0.02981651376146789,0.02408256880733945,0.005733944954128441,0.9323394495412844,0.12323232323232323,0,0.08649602824360106,0.06465899025686449,1817.8099999999997
25003900800,1464.0,237700.0,82308.0,7.288927694521257,12.378764653348286,11.318223587287322,0.04751027866605756,0.04751027866605756,0.0,0.9415258108725445,0.07308467741935484,0,0.016821220616778088,0.040207522697795074,1245.9441666666667
25003913100,912.0,319000.0,72411.0,6.815639990074331,12.672946381766982,11.190113500534709,0.40720961281708945,0.07042723631508678,0.33678237650200266,0.5787716955941254,0.3550694152292806,0,0.06627836915043181,0.041425198540459326,1672.0916666666665
25003922200,879.0,156700.0,57426.0,6.778784897685177,11.962088428344112,10.958252441423962,0.407108239095315,0.2148626817447496,0.19224555735056542,0.589122240172321,0.35809987819732036,1,0.0024813895781637717,0.18505239933811363,821.3691666666667
25003932300,745.0,205900.0,65820.0,6.61338421837956,12.235145893015881,11.094679022497331,0.10553633217993079,0.0847750865051903,0.020761245674740483,0.8313148788927336,0.15764139590854392,0,0.0037776578521316784,0.06724511930585683,1079.2591666666665
25003933300,1192.0,354900.0,76731.0,7.083387847625295,12.779591338634587,11.248061077798893,0.04065827686350436,0.030977734753146177,0.00968054211035818,0.9554695062923524,0.1212624584717608,0,0.025152439024390245,0.037209302325581395,1860.2675
25003900900,933.0,206800.0,65042.0,6.838405200847344,12.23950742161641,11.082788494056414,0.48160396858205873,0.399338569656883,0.08226539892517569,0.5183960314179413,0.39287410926365796,1,0.15268987341772153,0.08227848101265822,1083.9766666666667
25003912100,848.0,183300.0,59122.0,6.742880635791903,12.118879433827797,10.987358384549202,0.3188180404354588,0.2553654743390358,0.06345256609642301,0.6553654743390358,0.2519710906701708,1,0.04150943396226415,0.09585889570552147,960.7975
25003932200,1118.0,264000.0,75852.0,7.0192966537150445,12.483704382128453,11.2365393522603,0.00484027105517909,0.00484027105517909,0.0,0.989351403678606,0.06423777564717162,0,0.07119067443796837,0.06354515050167224,1383.8
25003935100,1239.0,388300.0,82604.0,7.122059881629142,12.869533515719759,11.321813384486683,0.20444191343963553,0.051822323462414575,0.15261958997722094,0.7887243735763098,0.11080835603996367,0,0.0186536901865369,0.05280259951259139,2035.3391666666666
25003901100,909.0,168900.0,55907.0,6.812345094177479,12.037062102795892,10.931444874916965,0.20085995085995087,0.11056511056511056,0.09029484029484029,0.7487714987714987,0.23800623052959502,0,0.02994186046511628,0.06845889340418881,885.3175
25003920101,996.0,278000.0,79191.0,6.903747257584598,12.535376392672774,11.279617934981781,0.2868617326448652,0.1927710843373494,0.09409064830751578,0.6528973034997131,0.2343211578221916,1,0.11069126472549455,0.09208400646203554,1457.1833333333334
25003920102,903.0,380500.0,86765.0,6.805722553416985,12.849241456283877,11.370958593524604,0.2997639653815893,0.12981904012588513,0.16994492525570418,0.7002360346184107,0.2937062937062937,0,0.12699386503067484,0.14536585365853658,1994.4541666666667
25003921500,757.0,155200.0,44500.0,6.6293632534374485,11.952469886731256,10.703244468154331,0.37049861495844877,0.24861495844875348,0.12188365650969529,0.6295013850415513,0.3380952380952381,1,0.011513714866237725,0.15137148662377242,813.5066666666667
25013813209,1423.0,176200.0,60028.0,7.260522598089852,12.079374992484215,11.00256639901588,0.4419435512683101,0.024294390853876385,0.41764916041443373,0.5580564487316899,0.30583058305830585,0,0.06103138306260842,0.11936026936026936,923.5816666666666
25011040702,736.0,218200.0,63885.0,6.601230118728877,12.293167352381108,11.064839871025423,0.2094958394517866,0.14390602055800295,0.06558981889378365,0.754282917278512,0.28240252897787144,0,0.018298261665141813,0.06198536139066789,1143.7316666666666
25011040900,951.0,287900.0,76250.0,6.85751406254539,12.570368476600267,11.241772694469658,0.23264367816091955,0.18758620689655173,0.045057471264367814,0.7673563218390804,0.21118951612903225,1,0.05667855727308759,0.09155937052932761,1509.0758333333333
25011040200,925.0,244600.0,67620.0,6.829793737512425,12.407379502235209,11.121659076261876,0.10812209001551992,0.0775995861355406,0.030522503879979308,0.8541127780651836,0.17498565691336776,0,0.0186164100206849,0.0729455216989843,1282.1116666666667
25011040400,863.0,200500.0,56713.0,6.760414691083428,12.20856952572876,10.945758740331856,0.10644589000591366,0.09698403311649911,0.009461856889414548,0.8675340035481963,0.14622314622314622,0,0.04058394160583942,0.10687924416888102,1050.9541666666667
25011041000,635.0,223700.0,69830.0,6.453624998892692,12.318061147478222,11.153818995840082,0.26749271137026237,0.13338192419825073,0.13411078717201166,0.7325072886297376,0.20074349442379183,0,0.07418761496014716,0.14135959339263024,1172.5608333333332
25011040100,958.0,222200.0,56865.0,6.86484777797086,12.311333156187667,10.948435316618545,0.07167497125335377,0.06860866232272901,0.0030663089306247606,0.8167880413951706,0.16037219485495346,0,0.020837951673686544,0.13434501227404597,1164.6983333333333
25011041100,878.0,218300.0,65406.0,6.777646593635117,12.293625542538035,11.088369276356413,0.22814982973893302,0.12939841089670828,0.09875141884222474,0.7196367763904654,0.24623720650210718,0,0.03345925526173772,0.057708161582852434,1144.2558333333334
25011041400,948.0,165400.0,36184.0,6.854354502255021,12.016122061571728,10.496372311157678,0.6421861656703672,0.24850555081127243,0.3936806148590948,0.3578138343296328,0.6663498098859315,1,0.2752914629559985,0.2268041237113402,866.9716666666667
25021400100,2051.0,987100.0,109318.0,7.62608275807238,13.80252663040598,11.602016344960637,0.8932696136997212,0.1911589008363202,0.702110712863401,0.10673038630027877,0.6478696741854637,1,0.19868049010367578,0.19811320754716982,5174.049166666667
25021400700,2525.0,774600.0,148333.0,7.83399634170946,13.56010204606279,11.907215025286732,0.729151817533856,0.24019957234497505,0.488952245188881,0.2637205987170349,0.40076923076923077,1,0.059821685360943344,0.07909117054932413,4060.1949999999997
25021402500,1332.0,718200.0,121650.0,7.194436851100335,13.48450336077412,11.708903348211669,0.38228699551569506,0.044282511210762335,0.33800448430493274,0.6177130044843049,0.39264990328820115,0,0.16300940438871472,0.03436123348017621,3764.565
25021410400,1441.0,389300.0,93138.0,7.273092595999522,12.872105533598548,11.441837543254499,0.38943894389438943,0.13077557755775576,0.25866336633663367,0.6105610561056105,0.4661716171617162,0,0.11968348170128586,0.053742169469172436,2040.5808333333332
25021415200,1697.0,566300.0,89519.0,7.436617265234227,13.246879252101897,11.4022061722353,0.28104575163398693,0.011437908496732025,0.2696078431372549,0.7189542483660131,0.28294573643410853,0,0.09385338673167334,0.04255701203088526,2968.355833333333
25021417100,1467.0,490800.0,99191.0,7.2909747781429814,13.103791991818893,11.504802563350678,0.38941176470588235,0.26705882352941174,0.1223529411764706,0.6105882352941177,0.3335294117647059,1,0.06818648593140275,0.05319367426576299,2572.61
25021417802,602.0,355000.0,26571.0,6.400257445308821,12.779873068457553,10.187575674477692,0.6535022354694486,0.37481371087928467,0.2786885245901639,0.3464977645305514,0.707611152976639,1,0.11632970451010886,0.28211508553654746,1860.7916666666667
25021417902,1496.0,361500.0,63008.0,7.310550158534422,12.798017320580957,11.051016981438853,0.5772613065326633,0.39761306532663315,0.17964824120603015,0.42273869346733667,0.4562913907284768,1,0.10416147520558186,0.18739097931721904,1894.8625
25025981600,,,,,,,,,,,,0,,,
25025981700,,,,,,,,,,,,0,,,
25025981800,,,,,,,1.0,0.6666666666666666,0.3333333333333333,0.0,0.3333333333333333,1,0.34615384615384615,0.0,
25025990101,,,,,,,1.0,1.0,0.0,0.0,1.0,1,1.2686567164179106,0.0,
25027731001,1368.0,178700.0,68846.0,7.221105098182496,12.093463701147519,11.139627405156087,0.26385542168674697,0.1108433734939759,0.1530120481927711,0.736144578313253,0.30407124681933845,0,0.2789838337182448,0.07863571766935101,936.6858333333333
25027709501,1089.0,316400.0,98000.0,6.9930151229329605,12.664762514875635,11.49272275765271,0.1272264631043257,0.11195928753180662,0.015267175572519083,0.8727735368956743,0.11394101876675604,0,0.12393354288280198,0.040862146385271664,1658.4633333333331
25027709502,964.0,259000.0,75508.0,6.871091294610546,12.464583340681674,11.231993889888624,0.36602098466505245,0.04035512510088781,0.32566585956416466,0.6339790153349475,0.3406686415573424,0,0.23018867924528302,0.034932221063607924,1357.5916666666665
25027721101,1225.0,284500.0,84375.0,7.110696122978827,12.558488532548523,11.34302642817483,0.035161744022503515,0.035161744022503515,0.0,0.9592123769338959,0.05373134328358209,0,0.035869565217391305,0.03376906318082789,1491.2541666666666
25027721102,959.0,283800.0,104050.0,6.8658910748834385,12.556025043708079,11.552626831821781,0.1410058623881518,0.08793582227707497,0.05307004011107683,0.8306078370873188,0.17219215155615697,0,0.04064756580479851,0.020891690009337067,1487.585
25027731002,1018.0,180600.0,38212.0,6.925595197110468,12.104039919965022,10.550904881389899,0.5828153564899452,0.14442413162705667,0.4383912248628885,0.41718464351005485,0.6009122006841505,0,0.3095604583547118,0.2151986183074266,946.645
25021411302,1548.0,465900.0,103731.0,7.344719054149673,13.051726297804889,11.549556288792015,0.18754373687893633,0.11476557032890133,0.072778166550035,0.8124562631210637,0.15294117647058825,0,0.09153038808884549,0.08669737198591168,2442.0925
25021413402,1792.0,405400.0,90547.0,7.491087593534876,12.912629513000036,11.413624331895797,0.60431654676259,0.09815005138746145,0.5061664953751285,0.39568345323741005,0.6342517558076716,0,0.2153981136214082,0.034420697412823394,2124.971666666667
25021416102,1603.0,746400.0,127946.0,7.3796321526095525,13.523016928515272,11.759363578887461,0.2512980269989616,0.01142263759086189,0.2398753894080997,0.7487019730010385,0.14054054054054055,0,0.13291925465838508,0.017736486486486486,3912.3799999999997
25021417701,1197.0,393700.0,63189.0,7.087573705557973,12.883344476931828,11.053885514353468,0.8736280965820006,0.1687049231734086,0.704923173408592,0.12637190341799936,0.7294718909710391,1,0.05664133188563156,0.07728381166760458,2063.6441666666665
25021417702,1583.0,434100.0,78542.0,7.367077059881012,12.981030201287686,11.271388792539128,0.39819004524886875,0.07692307692307693,0.3212669683257919,0.6018099547511312,0.29891838741396265,0,0.0715843023255814,0.08938953488372094,2275.4075
25021418003,1855.0,391800.0,84583.0,7.5256399750415355,12.878506784492577,11.34548857977556,0.7672727272727272,0.17018181818181818,0.5970909090909091,0.23272727272727273,0.6856287425149701,1,0.07539118065433854,0.1721194879089616,2053.685
25021418004,1391.0,367600.0,60445.0,7.237778191923443,12.814750669463669,11.009489139636091,0.7078972407231209,0.483349191246432,0.22454804947668885,0.2921027592768792,0.5661686232657417,1,0.09883980365908077,0.11624274877286926,1926.8366666666668
25021418101,1622.0,441700.0,73326.0,7.3914152346753585,12.998386197584617,11.202670531666056,0.6738952536824877,0.18821603927986907,0.48567921440261863,0.3261047463175123,0.588593818023509,1,0.09366272824919442,0.1841704718417047,2315.244166666667
25021418102,1316.0,362000.0,60833.0,7.182352111885263,12.799399490807907,11.015887683869506,0.6266901822457378,0.2774838330393886,0.3492063492063492,0.3733098177542622,0.6034047919293821,1,0.13247729408080175,0.09600251809883538,1897.4833333333333
25021441203,1065.0,344400.0,96667.0,6.970730078143525,12.749559051535712,11.479027361564464,0.11342281879194631,0.06577181208053691,0.0476510067114094,0.8865771812080537,0.2,0,0.05245649948822927,0.030839367122552964,1805.2299999999998
25021441204,1125.0,458800.0,106957.0,7.025538314638521,13.036369664237352,11.580182163514113,0.22525597269624573,0.10295790671217292,0.1222980659840728,0.7747440273037542,0.22,0,0.06796319531576746,0.03279039862837548,2404.8766666666666
25021442201,1719.0,505700.0,158618.0,7.449498005382849,13.133698887068075,11.974254074807346,0.19829284307288247,0.024294156270518712,0.17399868680236374,0.8017071569271176,0.19573901464713714,0,0.01990661096092406,0.01720324404030474,2650.710833333333
25021442202,1081.0,398400.0,86642.0,6.985641817639208,12.89521180469258,11.369539965434294,0.3999420793512887,0.19403417318273963,0.2059079061685491,0.6000579206487112,0.35212922173274597,1,0.03143695014662757,0.06358032152786172,2088.28
25025091400,1029.0,355100.0,45524.0,6.9363427358340495,12.780154718931179,10.725994938401781,0.7971291866028708,0.42200956937799045,0.3751196172248804,0.20287081339712917,0.6715025906735751,1,0.8518167456556082,0.22764743183259353,1861.3158333333333
25001011200,1184.0,423000.0,66929.0,7.076653815443951,12.955127458028414,11.111387634999954,0.10285406569736133,0.035541195476575124,0.06731287022078622,0.8971459343026387,0.1508313539192399,0,0.09897810218978102,0.08895434462444772,2217.225
25001011400,1229.0,434600.0,59313.0,7.113956109566034,12.982181346804467,10.99058378524299,0.12667390517553384,0.06731813246471227,0.05935577271082157,0.8078175895765473,0.16573426573426572,0,0.03631961259079903,0.12210307851954341,2278.028333333333
25001013100,2069.0,359000.0,85662.0,7.634820677745543,12.791077667470416,11.358164599017275,0.07024314936318024,0.043226553454264766,0.027016595908915475,0.9297568506368198,0.10290237467018469,0,0.023670862295697915,0.06495951798154773,1881.7583333333332
25021400900,2041.0,701100.0,80045.0,7.621195162809845,13.46040580919506,11.290344255512196,0.90625,0.22278225806451613,0.6834677419354839,0.09375,0.6020725388601036,1,0.1340057636887608,0.16978866474543708,3674.9324999999994
25021401100,1628.0,1563900.0,167361.0,7.395107546562485,14.262693259424307,12.027908434984248,0.3311432325886991,0.19053876478318002,0.14060446780551905,0.668856767411301,0.22632311977715877,1,0.09000743863129185,0.0660964230171073,8197.4425
25021401200,2290.0,1002100.0,153182.0,7.736307096548285,13.81760835604642,11.939382035913145,0.19534333070244672,0.06866614048934491,0.1266771902131018,0.8046566692975533,0.33319112627986347,0,0.15232558139534882,0.06532258064516129,5252.674166666667
25021403400,431.0,820200.0,135161.0,6.066108090103747,13.617303491940095,11.814221939439507,0.24238733252131547,0.06658546488022736,0.1758018676410881,0.7576126674786845,0.2042079207920792,0,0.03120898352049001,0.03477854023705552,4299.214999999999
25021404201,1826.0,1421100.0,202857.0,7.509883061154913,14.166941777579952,12.22025657629653,0.10102489019033675,0.0,0.10102489019033675,0.8989751098096632,0.10852713178294573,0,0.03527194399569197,0.033189422558014034,7448.9325
25021404301,3257.0,1156700.0,250001.0,8.088561805276234,13.961081681283494,12.429220196836383,0.003243243243243243,0.003243243243243243,0.0,0.9967567567567568,0.05317324185248713,0,0.024368552116684455,0.03593027392387051,6063.035833333332
25021405100,2783.0,1002500.0,224784.0,7.931284761525891,13.818007438162862,12.322895220091432,0.005607476635514018,0.0,0.005607476635514018,0.994392523364486,0.07841191066997519,0,0.0534491398029063,0.009353599465508603,5254.770833333333
25021413100,1138.0,416900.0,92260.0,7.037027614686276,12.940601663868888,11.432365957111811,0.26,0.08652173913043479,0.17347826086956522,0.74,0.24040307101727448,0,0.11187768040275965,0.0950960283423457,2185.250833333333
25021413200,815.0,376100.0,71250.0,6.703188113240863,12.837610344458428,11.173950098130897,0.451353328456474,0.23006583760058522,0.2212874908558888,0.548646671543526,0.4001463057790783,1,0.10485584218512899,0.18557677134290673,1971.3908333333331
25021413300,1877.0,465700.0,112835.0,7.537430036586509,13.05129692897047,11.63368185360601,0.24460070316423907,0.13058764439979909,0.11401305876443998,0.7553992968357609,0.26015831134564643,0,0.10132423756019261,0.028225806451612902,2441.0441666666666
25021413500,1647.0,423400.0,90455.0,7.4067107301776405,12.956072637682901,11.412607768455361,0.574361820199778,0.32963374028856823,0.24472807991120976,0.42563817980022195,0.5119318181818182,1,0.21434726411029728,0.055039930930282754,2219.3216666666667
25021414300,956.0,492900.0,115500.0,6.862757913051401,13.108061592693469,11.657025808943985,0.26995073891625615,0.12364532019704433,0.14630541871921182,0.7300492610837438,0.21021505376344085,0,0.05075656004596821,0.030262401838728213,2583.6175
25021416300,876.0,623500.0,142731.0,6.775366090936392,13.343104044102228,11.86871701883482,0.35815991237677985,0.1949616648411829,0.16319824753559695,0.635815991237678,0.26738270209157716,1,0.2024425584765059,0.02965128419294216,3268.179166666667
25021416400,2140.0,602700.0,124961.0,7.668561108015897,13.309174839471135,11.735756967602311,0.1669793621013133,0.09662288930581614,0.07035647279549719,0.8330206378986866,0.07390648567119155,0,0.006893073301950235,0.05052382561676242,3159.1525
25021417501,1605.0,447600.0,86071.0,7.380879035564116,13.011655255419907,11.362927816026126,0.3944128787878788,0.25946969696969696,0.13494318181818182,0.6055871212121212,0.38328387734915925,1,0.028354632587859425,0.05770766773162939,2346.1699999999996
25021418002,1599.0,350300.0,81064.0,7.377133712833954,12.766545209185578,11.302994245128154,0.7570518653321201,0.2760084925690021,0.481043372763118,0.2429481346678799,0.6615336266499057,1,0.09085786730525426,0.09494294971122694,1836.1558333333332
25013811200,940.0,170600.0,63029.0,6.84587987526405,12.047076914039716,11.051350216920406,0.28836346777932315,0.2095503013444599,0.07881316643486323,0.6332869726471951,0.30578117534639276,1,0.14021761445288441,0.09276437847866419,894.2283333333334
25001015001,1361.0,305900.0,78232.0,7.215975002651466,12.631013530138995,11.267434049992112,0.07117794486215538,0.015037593984962405,0.056140350877192984,0.9288220551378447,0.1346153846153846,0,0.010696404187528447,0.061300889096864764,1603.4258333333335
25017310300,1172.0,204800.0,45942.0,7.066466970136958,12.22978917214749,10.735135010341178,0.5917085427135679,0.2701005025125628,0.32160804020100503,0.4082914572864322,0.5913832199546485,1,0.3655827430779137,0.3219654113463714,1073.4933333333333
25017310601,870.0,282600.0,62944.0,6.76849321164863,12.551787749232565,11.050000721188786,0.55810546875,0.044921875,0.51318359375,0.44189453125,0.4157135753356539,0,0.20586370839936607,0.06427090532135453,1481.295
25017324102,,491100.0,124742.0,7.853287286963593,13.104403052027337,11.734002883300947,0.09795673076923077,0.010817307692307692,0.08713942307692307,0.8112980769230769,0.17576898932831136,0,0.01611459265890779,0.040179573512906845,2574.1825
25017326101,1318.0,451100.0,134972.0,7.183870715062453,13.019444323396486,11.812822628501268,0.16967060285891858,0.08266003729024239,0.0870105655686762,0.8303293971410814,0.15527156549520768,0,0.006327732926030984,0.04642381163927144,2364.5158333333334
25017326102,966.0,464900.0,117438.0,6.873163834212518,13.049577607678676,11.67366581373058,0.1049082053203447,0.07343574372424129,0.03147246159610341,0.8950917946796553,0.11880789367700363,0,0.026644834772253646,0.04316760940756177,2436.8508333333334
25017335302,1451.0,497500.0,93955.0,7.280008252884188,13.117350835580785,11.450571223223253,0.3601134215500945,0.10113421550094517,0.2589792060491493,0.6398865784499055,0.26679744973025993,0,0.052398381814679255,0.03506068194952803,2607.7291666666665
25017335301,1436.0,422800.0,84863.0,7.269616749608169,12.95465453297822,11.348793470476476,0.5380085653104925,0.41541755888650966,0.12259100642398287,0.4555674518201285,0.4292059966685175,1,0.11012514220705347,0.06469373709566414,2216.1766666666667
25017339802,1726.0,388700.0,90750.0,7.453561871643373,12.870563116840314,11.415863752127096,0.7557726465364121,0.32149200710479575,0.4342806394316163,0.24422735346358793,0.5929038281979458,1,0.1956,0.13144122383252818,2037.4358333333332
25017341101,1692.0,427300.0,89145.0,7.433666540166168,12.965241621632117,11.39801953646887,0.4536376604850214,0.3587731811697575,0.09486447931526391,0.5385164051355207,0.35818601076095313,1,0.22367368701679552,0.07544654758731005,2239.7641666666664
25017339801,2231.0,451600.0,91811.0,7.7102051944325325,13.020552111257643,11.427487395138115,0.8408817635270541,0.20601202404809618,0.6348697394789579,0.1591182364729459,0.6723492723492723,1,0.110832811521603,0.13901064495929868,2367.1366666666668
25017341102,1187.0,392400.0,52850.0,7.079184394609668,12.880037006673344,10.875212991298383,0.7493163172288059,0.1814038286235187,0.5679124886052871,0.23381950774840474,0.6345323741007194,1,0.15244191559981032,0.17539267015706805,2056.83
25017341901,1667.0,345100.0,73516.0,7.418780882750794,12.751589509086095,11.205258348585364,0.5118110236220472,0.2677165354330709,0.2440944881889764,0.4881889763779528,0.42917547568710357,1,0.17363112391930835,0.020172910662824207,1808.8991666666668
25017341902,1725.0,408600.0,72635.0,7.45298232946546,12.92049196136566,11.193202178306985,0.7062400846113167,0.19751454257006876,0.508725542041248,0.281332628239027,0.6582242458736483,1,0.22360453594627325,0.16954750633050755,2141.745
25017342101,1275.0,409100.0,46250.0,7.150701457592526,12.92171490391749,10.741816742940571,0.6730178242163491,0.6023355869698832,0.07068223724646588,0.3269821757836509,0.5777351247600768,1,0.4274126455906822,0.1587063611051617,2144.3658333333333
25017342102,1267.0,350500.0,47026.0,7.144407180321139,12.767115985456782,10.75845591922755,0.6032608695652174,0.3894927536231884,0.213768115942029,0.3967391304347826,0.6125244618395304,1,0.42637477195725826,0.2008916863362182,1837.2041666666667
25017342201,1425.0,319500.0,59250.0,7.261927092702751,12.674512552799726,10.989521058997378,0.7435770750988142,0.6245059288537549,0.1190711462450593,0.2564229249011858,0.6818897637795276,1,0.4135323383084577,0.05432835820895522,1674.7124999999999
25017342202,1358.0,337600.0,64098.0,7.213768308118642,12.72961704170394,11.068168441173942,0.6367292225201072,0.5120643431635389,0.12466487935656836,0.3632707774798928,0.38478104809763103,1,0.40795427482733987,0.09964071856287425,1769.5866666666668
25017350103,1998.0,626900.0,105650.0,7.599901959208498,13.34854231726206,11.567887023044202,0.864897466827503,0.5331724969843185,0.33172496984318456,0.13510253317249699,0.7587878787878788,1,0.12402669632925473,0.02502780867630701,3286.0008333333335
25017350104,1189.0,593500.0,58298.0,7.080867896690782,13.29379249303186,10.973323066432819,0.8924802110817942,0.5164907651715039,0.3759894459102902,0.10751978891820581,0.6549177576367908,1,0.43478260869565216,0.18867684478371502,3110.929166666667
25017351203,2003.0,619200.0,100678.0,7.602401335665818,13.336183601257654,11.519682584133388,0.8737524950099801,0.6362275449101796,0.2375249500998004,0.12624750499001997,0.7179089026915114,1,0.11331203407880724,0.154419595314164,3245.64
25017351204,1874.0,598500.0,92045.0,7.535830462798367,13.302181803980165,11.430032866880662,0.865974025974026,0.5111688311688312,0.3548051948051948,0.13402597402597402,0.7355718782791185,1,0.15356915907646684,0.17650807136788446,3137.1375000000003
25017351403,1536.0,578100.0,66525.0,7.336936913707618,13.267502143070567,11.10533309584589,0.9468822170900693,0.6685912240184757,0.27829099307159355,0.053117782909930716,0.6646039603960396,1,0.3233901515151515,0.08001893939393939,3030.2075
25017351404,1395.0,485700.0,64073.0,7.240649694255466,13.093346428333836,11.067778337323352,0.8205900060204696,0.6038531005418423,0.21673690547862734,0.1794099939795304,0.6185303514376996,1,0.2857889237199582,0.10094886663152346,2545.8775
25017352101,2725.0,627600.0,101103.0,7.9102237070973445,13.349658299841014,11.523895078158814,0.9948266942576306,0.005173305742369374,0.9896533885152613,0.005173305742369374,0.6344510190664037,0,0.26258714175058095,0.22424477149496513,3289.67
25017352102,2126.0,808800.0,103333.0,7.661997558901893,13.603306946688399,11.545712061981565,0.8984635938543755,0.2458249832999332,0.6526386105544422,0.09418837675350701,0.4390444810543657,1,0.1980696600923206,0.11139240506329114,4239.46
25009206700,1059.0,248900.0,41735.0,6.9650803456014065,12.424806488355683,10.639095384284838,0.8734309623430963,0.36976987447698745,0.5036610878661087,0.1145397489539749,0.7052746057640021,1,0.5479063165365508,0.23203628550966818,1304.6508333333334
25009209200,1426.0,682700.0,151402.0,7.262628600974241,13.433810803406372,11.927693829937864,0.10959571358986848,0.037018996590355575,0.0725767169995129,0.8904042864101315,0.06502016129032258,0,0.023206056616194865,0.016787360105332456,3578.4858333333336
25009211300,1369.0,456700.0,90818.0,7.221835825288449,13.03178199917309,11.416612782828315,0.20961386918833727,0.09968479117415288,0.1099290780141844,0.7903861308116628,0.17939244663382595,0,0.03827252419955324,0.05135673769737851,2393.869166666667
25009217300,1127.0,319800.0,56157.0,7.027314514039777,12.675451079381991,10.935906618469438,0.6979071883530482,0.46496815286624205,0.2329390354868062,0.3020928116469518,0.5705314009661836,1,0.17659665666523788,0.12086021505376345,1676.2849999999999
25009221600,976.0,330400.0,44608.0,6.883462586413092,12.70805932062896,10.705668494120196,0.603739982190561,0.4568121104185218,0.14692787177203917,0.396260017809439,0.5205992509363296,1,0.11266643905769887,0.1828141047586443,1731.8466666666666
25009250100,669.0,,21936.0,6.505784060128229,,9.995884401802096,0.9952120383036935,0.03283173734610123,0.9623803009575923,0.0,0.9731638418079096,0,0.870236869207003,0.32028836251287335,
25009250200,1156.0,295700.0,44058.0,7.052721049232323,12.59710070584057,10.693262226679666,0.6513409961685823,0.5665024630541872,0.08483853311439518,0.3486590038314176,0.5602035048049746,1,0.8522480361022898,0.2662851371822925,1549.9608333333333
25025050901,1485.0,341800.0,56156.0,7.3031700512368,12.741981049663627,10.935888811091841,0.8445006321112516,0.7876106194690266,0.056890012642225034,0.13400758533501897,0.7230769230769231,1,0.7033824804856895,0.17658643326039386,1791.6016666666665
25025051101,1597.0,438600.0,57534.0,7.3758821482150125,12.991343114965925,10.960131356381735,0.7568643056108237,0.5829685634699562,0.17389574214086748,0.22920811778750497,0.6021821233738984,1,0.5148856990962254,0.20475418692598596,2298.995
25025060101,1897.0,683500.0,119107.0,7.5480289699350145,13.43498193514614,11.687777527755639,0.8148148148148148,0.5824915824915825,0.23232323232323232,0.18518518518518517,0.5171553337492202,1,0.03374320846439806,0.03496503496503497,3582.679166666667
25025060301,1774.0,646900.0,107396.0,7.480992162869525,13.379947002032077,11.58427821641547,0.8651946542707728,0.7292271934921557,0.13596746077861707,0.1348053457292272,0.5116976604679064,1,0.0426812585499316,0.09001367989056087,3390.834166666667
25025060501,1919.0,592900.0,132750.0,7.5595594960077,13.292781029695458,11.796222939104185,0.8574744661095636,0.6573816155988857,0.20009285051067782,0.1425255338904364,0.4802992518703242,1,0.035126504544338,0.03316138540899042,3107.7841666666664
25025061101,344.0,,12759.0,5.840641657373398,,9.453992183921743,0.8651202749140894,0.07130584192439862,0.7938144329896907,0.13487972508591065,0.9926873857404022,0,0.6791304347826087,0.5669565217391305,
25025070101,2301.0,945100.0,84083.0,7.741099090035366,13.759046020983147,11.339559685218777,0.9864776444929116,0.013086150490730643,0.9733914940021811,0.013522355507088331,0.6939593472659605,0,0.10911660777385158,0.2140135829054166,4953.899166666667
25025070402,1008.0,1080400.0,28851.0,6.915723448631314,13.892841900900597,10.269899933380591,0.9897879025923016,0.20109976433621368,0.788688138256088,0.01021209740769835,0.9639084507042254,1,0.20141784820683903,0.32653061224489793,5663.096666666667
25025071101,,758100.0,52676.0,8.287454816980652,13.538570582044395,10.871915222830111,0.9449823943661971,0.20378521126760563,0.7411971830985915,0.05017605633802817,0.62883295194508,1,0.279020979020979,0.27387473207906643,3973.7075
25025080401,703.0,422200.0,19194.0,6.555356891810665,12.953234414396357,9.862353009177573,0.6895161290322581,0.11559139784946236,0.5739247311827957,0.31048387096774194,0.8787878787878788,0,0.9415007656967841,0.41633281972265024,2213.0316666666663
25025071201,623.0,715200.0,53649.0,6.434546518787453,13.48031750284144,10.890218108556146,0.9512804497189257,0.11180512179887571,0.83947532792005,0.04871955028107433,0.6811406351263772,0,0.4544724156400643,0.32575964960306597,3748.84
25025080601,535.0,296900.0,15703.0,6.282266746896006,12.601150660751852,9.661607055884954,0.9744114636642784,0.15455475946775846,0.81985670419652,0.0255885363357216,0.9269356597600873,1,0.443771206980126,0.4105208870551831,1556.2508333333333
25025080801,485.0,,21274.0,6.184148890937483,,9.96524094881161,0.85727969348659,0.2950191570881226,0.5622605363984674,0.14272030651340997,1.0,1,0.611689174230684,0.39971701450300673,
25025081001,804.0,375900.0,22072.0,6.6895992691789665,12.83707842955227,10.002065115897121,0.9284497444633731,0.24872231686541738,0.6797274275979557,0.06601362862010221,0.9700625558534406,1,0.5186186810900769,0.4319464771064186,1970.3425
25025090901,1935.0,,24487.0,7.5678626054638825,,10.105897643463425,0.7230864965774736,0.018668326073428748,0.7044181705040448,0.27691350342252646,0.9917069799585349,0,0.45341778833465296,0.4906307732911058,
25025091001,1650.0,417400.0,97176.0,7.408530566894626,12.941800273625237,11.484279046380106,0.8240740740740741,0.5416666666666666,0.2824074074074074,0.17592592592592593,0.5901765157329241,1,0.19582069430401078,0.06471183013144591,2187.8716666666664
25025092101,1360.0,516400.0,56882.0,7.215239978730097,13.154636937954624,10.948734225602985,0.7821359223300971,0.6027184466019417,0.17941747572815533,0.2178640776699029,0.563404255319149,1,0.34048481471161884,0.19218794225870364,2706.7966666666666
25025100603,1438.0,500700.0,89375.0,7.271008538280992,13.123762398318036,11.400596279996309,0.7532751091703057,0.48253275109170307,0.27074235807860264,0.24672489082969432,0.4399538106235566,1,0.15053218449062342,0.05119107957425241,2624.5025
25025110103,1461.0,486000.0,83080.0,7.2868764117507,13.093963902882631,11.327559277990048,0.8151856487275762,0.5465164789319983,0.2686691697955778,0.18481435127242388,0.5252344796784278,1,0.49722513874306284,0.15314234288285586,2547.45
25025110201,1050.0,366500.0,42260.0,6.956545443151569,12.811753800308843,10.651596291170048,0.64576802507837,0.28108672936259144,0.36468129571577845,0.335423197492163,0.5910577971646674,1,0.8295094936708861,0.14477848101265822,1921.0708333333332
25025110301,1574.0,430300.0,74087.0,7.3613754289773485,12.972237918826691,11.212995357296537,0.44642857142857145,0.3298872180451128,0.11654135338345864,0.5535714285714286,0.27076923076923076,1,0.5900735294117647,0.09669117647058824,2255.4891666666667
25025110403,1546.0,470400.0,85227.0,7.343426229147367,13.061338675566555,11.353073564023212,0.5097831835007932,0.4230565838180857,0.08672659968270756,0.48281332628239026,0.36160714285714285,1,0.5134598411297441,0.12157987643424537,2465.68
25025120103,2109.0,778500.0,143250.0,7.653969180478774,13.56512427025619,11.872346634576987,0.623989218328841,0.48517520215633425,0.13881401617250674,0.37601078167115903,0.269774011299435,1,0.1012582384661474,0.035949670461354104,4080.6375000000003
25025120105,2826.0,800600.0,158542.0,7.946617563244473,13.593116725540611,11.973774821424483,0.23276723276723277,0.12987012987012986,0.1028971028971029,0.7672327672327672,0.09263157894736843,0,0.07960381511371974,0.0648698035632709,4196.4783333333335
25025120201,1347.0,440400.0,71743.0,7.205635176410364,12.995438683830661,11.180845567886877,0.8952528379772962,0.4674922600619195,0.4277605779153767,0.10474716202270382,0.6911364872213159,1,0.4330186272008165,0.14008675682572086,2308.43
25025110607,1734.0,503600.0,107465.0,7.458186157340487,13.129537581152329,11.584920492141377,0.583837510803803,0.5073465859982714,0.07649092480553155,0.4161624891961971,0.27905924920850295,1,0.16918819188191883,0.04876604146100691,2639.7033333333334
25025120104,1783.0,456300.0,89800.0,7.48605261786314,13.030905766915494,11.40534025429029,0.8990426457789382,0.5796344647519582,0.31940818102698,0.10095735422106179,0.5942028985507246,1,0.18506787330316743,0.11945701357466064,2391.7725
25025120301,1563.0,455700.0,95164.0,7.354362330421477,13.029589977251973,11.463356998001734,0.8065447545717036,0.6357074109720885,0.17083734359961503,0.19345524542829645,0.5717102020699852,1,0.5766606822262118,0.13936385364956794,2388.6275
25025130404,1650.0,380600.0,73409.0,7.408530566894626,12.849504233844186,11.203801822889718,0.5286312849162011,0.07960893854748603,0.4490223463687151,0.4713687150837989,0.40427098674521356,0,0.32451293980808377,0.05037707390648567,1994.9783333333332
25025130406,1265.0,450000.0,47102.0,7.142827401161621,13.017002861746503,10.760070741947999,0.5193586233867814,0.1396167383652718,0.3797418850215096,0.469691044192413,0.7766129032258065,0,0.6617809298660362,0.18072097824360805,2358.75
25025140106,1090.0,336700.0,35938.0,6.993932975223189,12.726947605149165,10.4895505104864,0.5149638802889577,0.2218782249742002,0.2930856553147575,0.4850361197110423,0.9169398907103825,1,0.8311212814645309,0.22608695652173913,1764.8691666666666
25025140107,1255.0,364100.0,69599.0,7.134890851565884,12.805183834163525,11.1505054784032,0.5694323144104804,0.4960698689956332,0.07336244541484715,0.43056768558951963,0.3734827264239029,1,0.6546840958605664,0.1139517896274653,1908.4908333333333
25017361200,2005.0,709700.0,121364.0,7.60339933974067,13.472597624513075,11.70654957326831,0.39476961394769616,0.07181403071814031,0.3229555832295558,0.6052303860523038,0.3911149825783972,0,0.22108040549923622,0.05417645085541765,3720.0108333333333
25017356500,1538.0,592400.0,110313.0,7.338238150065589,13.291937361375782,11.611077058677385,0.3894516241704506,0.2287809989521481,0.16067062521830247,0.6105483758295495,0.3410572049239681,1,0.10843702994667032,0.04630392965100302,3105.1633333333334
25017360200,1849.0,873400.0,142550.0,7.522400231387125,13.680148920033597,11.867448094340817,0.23811659192825113,0.07354260089686099,0.16457399103139014,0.7618834080717489,0.24776680771039022,0,0.06209219111765944,0.04883182487897285,4578.071666666667
25017374400,838.0,1297000.0,182813.0,6.731018100482083,14.075564463298582,12.116219051447308,0.2713178294573643,0.05426356589147287,0.21705426356589147,0.7286821705426356,0.2295004712535344,0,0.05440368598263335,0.058919803600654665,6798.441666666667
25017374700,1898.0,703400.0,119149.0,7.5485559791698735,13.463680999022019,11.68813008970946,0.4661290322580645,0.27741935483870966,0.18870967741935485,0.5338709677419354,0.3884204609331085,1,0.08273748723186926,0.06721144024514811,3686.9883333333332
25017383300,1207.0,370400.0,67426.0,7.095893221097532,12.822338781754162,11.118785979191978,0.4992887624466572,0.17780938833570412,0.32147937411095306,0.5007112375533428,0.48695003728560776,1,0.16692426584234932,0.07414763323402847,1941.5133333333333
25005651800,480.0,220400.0,13845.0,6.173786103901937,12.303199356260896,9.535679435605061,0.9101123595505618,0.14082397003745317,0.7692883895131086,0.06666666666666667,0.9215686274509803,0,0.24149108589951376,0.4883846569421934,1155.2633333333333
25005600202,1472.0,302600.0,85528.0,7.294377299288821,12.620167080336392,11.356599086693336,0.31774809160305345,0.11736641221374046,0.20038167938931298,0.6393129770992366,0.2182890855457227,0,0.07232704402515723,0.029874213836477988,1586.1283333333333
25005610202,1696.0,424200.0,123533.0,7.4360278163518485,12.957960321112719,11.72426360583461,0.13733681462140993,0.05483028720626632,0.0825065274151436,0.8569190600522193,0.14316239316239315,0,0.0424152620855714,0.03185775143545101,2223.515
25005613700,929.0,249000.0,49250.0,6.834108738813838,12.425208175446844,10.804664646600235,0.5709812108559499,0.3778705636743215,0.1931106471816284,0.4290187891440501,0.44394868934746234,1,0.06986692015209126,0.14031571034828363,1305.175
25005617101,1494.0,346500.0,99615.0,7.309212365692763,12.755638097612096,11.509068034642924,0.03824833702882483,0.03325942350332594,0.004988913525498891,0.9617516629711752,0.08602771362586605,0,0.02982067298005239,0.06498865277491232,1816.2375
25005630400,1081.0,366200.0,90393.0,6.985641817639208,12.810934911222548,11.411922109753812,0.38174077578051085,0.032639545884579,0.3491012298959319,0.5359508041627247,0.318159327065809,0,0.041299117882919005,0.04959839357429719,1919.4983333333332
25009210500,1019.0,389400.0,83461.0,6.926577033222725,12.872362371920236,11.332134735861445,0.1722066479775731,0.12414897877452943,0.048057669203043656,0.8217861433720465,0.08212360016590627,0,0.12643306959470368,0.036492814467947686,2041.1049999999998
25009213100,850.0,662400.0,174340.0,6.745236349484363,13.403624882053187,12.068762694565567,0.05009009009009009,0.025945945945945945,0.024144144144144144,0.9499099099099099,0.01961496549219034,0,0.011487303506650543,0.020435308343409914,3472.08
25009217100,1405.0,436700.0,95863.0,7.247792581767846,12.987001739473651,11.470675367863398,0.3683556108175319,0.10195834628535903,0.26639726453217283,0.6316443891824681,0.32951195545365214,0,0.0316622691292876,0.04438379775926458,2289.0358333333334
25009223200,1003.0,411000.0,69079.0,6.910750787961936,12.926348493478372,11.143006056185946,0.4538888888888889,0.2972222222222222,0.15666666666666668,0.5461111111111111,0.3356643356643357,1,0.05275467775467776,0.09717868338557993,2154.325
25009250400,1063.0,217700.0,29490.0,6.968850378341948,12.290873247222638,10.291806501809322,0.8680659670164917,0.5659670164917541,0.3020989505247376,0.13193403298350825,0.85,1,0.9960629921259843,0.3789110618378911,1141.1108333333334
25009250900,838.0,156300.0,21823.0,6.731018100482083,11.959532516409569,9.990719738479,0.9516971279373369,0.4699738903394256,0.48172323759791125,0.048302872062663184,0.8979591836734694,1,0.991647331786543,0.3150812064965197,819.2725
25009251200,856.0,175000.0,18682.0,6.752270376141742,12.072541252905651,9.835315772432795,0.9092495636998255,0.343804537521815,0.5654450261780105,0.09075043630017451,0.9260628465804066,1,0.9577080491132333,0.2880546075085324,917.2916666666666
25009252502,1094.0,316100.0,72647.0,6.9975959829819265,12.66381389820371,11.193367374271071,0.19719101123595506,0.09662921348314607,0.10056179775280899,0.8028089887640449,0.13294117647058823,0,0.251629178053395,0.10874704491725769,1656.8908333333331
25009254302,1408.0,621500.0,173194.0,7.249925536717988,13.339891189932903,12.06216763247809,0.14856801909307876,0.00477326968973747,0.14379474940334128,0.8466587112171837,0.055453991468616695,0,0.06718878812860676,0.009068425391591096,3257.695833333333
25009254402,1856.0,635700.0,170756.0,7.526178913346146,13.3624820329245,12.047990915907913,0.18105515587529977,0.006394884092725819,0.17466027178257393,0.8189448441247003,0.2038369304556355,0,0.10726072607260725,0.013751375137513752,3332.1275
25009260301,916.0,292600.0,88309.0,6.82001636467413,12.586561767568162,11.388597306652839,0.34941763727121466,0.2506932889628397,0.09872434830837493,0.6505823627287853,0.2837920489296636,1,0.04059449866903283,0.08513027852650494,1533.7116666666668
25013800400,990.0,136600.0,39176.0,6.897704943128636,11.824812226118826,10.575819593382153,0.6122778675282714,0.5868336025848142,0.02544426494345719,0.3877221324717286,0.5160714285714286,1,0.6604782882315922,0.294517224648229,716.0116666666667
25013801300,748.0,150400.0,24772.0,6.617402977974478,11.921053690497876,10.117469262057952,0.5867721876766535,0.320520067834935,0.2662521198417185,0.40079140757490106,0.6144578313253012,1,0.8000798084596967,0.3701778932640416,788.3466666666667
25013800500,1023.0,160700.0,49667.0,6.930494765951626,11.987294551725604,10.813096007646362,0.4635865309318716,0.4494909945184025,0.014095536413469069,0.5309318715740016,0.3987566607460036,1,0.7485395645246946,0.19353085077466703,842.3358333333332
25013800900,491.0,153500.0,19874.0,6.19644412779452,11.941455846009388,9.897167623791308,0.9192448872574724,0.3329837441006817,0.5862611431567908,0.08075511274252753,0.9257617728531856,1,0.9621318373071529,0.42426367461430575,804.5958333333333
25013801200,646.0,,14538.0,6.470799503782602,,9.584521190044581,0.9700948212983224,0.1050328227571116,0.8650619985412108,0.029905178701677606,0.9903069466882067,0,0.9013742926434923,0.6226660877116804,
25013802200,901.0,159900.0,30577.0,6.803505257608338,11.982303898822046,10.328003371335093,0.8135198135198135,0.6192696192696193,0.19425019425019424,0.1686091686091686,0.818904593639576,1,0.7572815533980582,0.40325670498084293,838.1424999999999
25013810100,773.0,200300.0,65152.0,6.650279048587422,12.20757152165391,11.08447828047014,0.3138738738738739,0.18414414414414415,0.12972972972972974,0.6655855855855856,0.27412974683544306,1,0.059029993618379066,0.0765978207838673,1049.9058333333332
25013810200,990.0,196500.0,61136.0,6.897704943128636,12.188417710291453,11.020856169686681,0.2037953795379538,0.17244224422442245,0.03135313531353135,0.7475247524752475,0.1967370441458733,1,0.059343434343434344,0.08584785380365491,1029.9875
25013810601,830.0,160600.0,43770.0,6.721425700790643,11.986672080494799,10.68670393018494,0.44020474639367146,0.2675663099115868,0.17263843648208468,0.3899488134015821,0.4612711022840119,1,0.2760631834750911,0.1524136241117373,841.8116666666666
25013811500,633.0,98600.0,17097.0,6.450470422144176,11.498826540590727,9.74665828850311,0.9804639804639804,0.10134310134310134,0.8791208791208791,0.019536019536019536,0.9836956521739131,0,0.96045197740113,0.6345067362016514,516.8283333333333
25013811800,882.0,141600.0,36929.0,6.782192056006791,11.860761460241756,10.516752429223827,0.7403508771929824,0.4678362573099415,0.27251461988304093,0.2596491228070175,0.6910039113428944,1,0.6898106402164111,0.3965556310899615,742.2199999999999
25013812101,1039.0,198000.0,76037.0,6.946013991099227,12.196022309676673,11.238975342904563,0.1103865859338612,0.04471355379599441,0.0656730321378668,0.8896134140661388,0.11391778107974244,0,0.16573033707865167,0.05505324492666265,1037.85
25013812903,,282100.0,192955.0,7.298901131926345,12.550016896990087,12.170212280079097,0.23529411764705882,0.0,0.23529411764705882,0.7647058823529411,0.0,0,0.0992258972554539,0.0,1478.6741666666667
25013813205,993.0,238900.0,72647.0,6.900730664045173,12.383800333313902,11.193367374271071,0.24791265253692998,0.12620423892100194,0.12170841361592806,0.75208734746307,0.1623207301173403,0,0.046943078004216446,0.07492836676217765,1252.2341666666666
25013813602,,331100.0,125871.0,7.459059958471595,12.710175723535338,11.743012851958845,0.06438896189224705,0.04774419623302672,0.016644765659220323,0.9356110381077529,0.09515340151178302,0,0.08406940063091482,0.019029495718363463,1735.5158333333331
25013801503,1108.0,129100.0,39067.0,7.010311867307229,11.768342576834733,10.573033399843746,0.22779700115340254,0.20069204152249134,0.02710495963091119,0.5732410611303345,0.428842504743833,1,0.6469059990552669,0.21622900402176484,676.6991666666667
25013802000,787.0,213000.0,19130.0,6.668228248417403,12.269047444691562,9.859013062434299,0.9006823351023503,0.3858984078847612,0.514783927217589,0.09931766489764973,0.8810467882632831,1,0.8650664936749919,0.530976321764515,1116.475
25013802100,810.0,209900.0,41901.0,6.697034247666484,12.254386505808725,10.643064971973882,0.7071629213483146,0.35252808988764045,0.35463483146067415,0.2928370786516854,0.6674708484117411,1,0.5178454485920104,0.2692178583417254,1100.2258333333332
25013802400,1259.0,169200.0,73531.0,7.138073034044347,12.03883672615426,11.20546236498899,0.054375,0.02375,0.030625,0.940625,0.08576998050682261,0,0.22802912116484658,0.07046281851274051,886.89
25013810300,924.0,169700.0,55938.0,6.828712071641684,12.041787451222318,10.93199921352475,0.360473208072373,0.2588726513569937,0.10160055671537926,0.5873347251217815,0.3627450980392157,1,0.10812309398392016,0.23288051011921265,889.5108333333333
25013811600,694.0,165500.0,18321.0,6.542471960506805,12.016726473799254,9.815803221891244,0.8888888888888888,0.20523708421797593,0.6836518046709129,0.1111111111111111,0.889795918367347,1,0.9474681830490116,0.5705738373674191,867.4958333333333
25013812600,1290.0,254200.0,85306.0,7.162397497355718,12.445876637737491,11.354000070982584,0.18449905482041587,0.0499054820415879,0.13459357277882797,0.8090737240075614,0.24173712528823982,0,0.09170105456212746,0.045320502871333226,1332.4316666666666
25013801401,736.0,125400.0,21467.0,6.601230118728877,11.739263907180957,9.97427215125409,0.650236326806212,0.5462525320729237,0.10398379473328832,0.3389601620526671,0.7508278145695364,1,0.9463122230909565,0.42787496415256665,657.305
25013801601,1310.0,150800.0,52572.0,7.177782416195197,11.923709734555993,10.8699389376019,0.1554341226472374,0.020643594414086218,0.13479052823315119,0.8445658773527626,0.2835083384805435,0,0.4127017396772165,0.1481764855904106,790.4433333333333
25013801700,1066.0,146800.0,29821.0,6.97166860472579,11.896826395162552,10.302968122297036,0.6444135373203523,0.5799721835883171,0.06444135373203523,0.35558646267964766,0.6681034482758621,1,0.6893513789581205,0.2934842124475269,769.4766666666666
25013813500,1105.0,282900.0,85943.0,7.007600613951853,12.55284875728966,11.361439564795115,0.0649596965386439,0.055002370791844474,0.00995732574679943,0.9350403034613561,0.10831234256926953,0,0.04161047967636294,0.04615989000196425,1482.8675
25013812701,959.0,196200.0,46066.0,6.8658910748834385,12.186889826113399,10.73783042976285,0.6678121420389461,0.42210767468499427,0.24570446735395188,0.3321878579610538,0.5717703349282297,1,0.15378937007874016,0.15398645127670663,1028.415
25013812702,862.0,164300.0,42934.0,6.759255270663693,12.00944930402536,10.667419331814033,0.8246520874751491,0.5089463220675944,0.3157057654075547,0.1666003976143141,0.7785515320334262,1,0.2642695060219934,0.1421188630490956,861.2058333333333
25013813301,1415.0,288500.0,101161.0,7.254884810077338,12.572450364930292,11.524468586065211,0.06332046332046332,0.024324324324324326,0.038996138996139,0.9366795366795366,0.12702702702702703,0,0.06890894175553733,0.022533136966126657,1512.220833333333
25013810800,888.0,186900.0,41481.0,6.78897174299217,12.138328993443654,10.632990770056727,0.6933262711864406,0.3908898305084746,0.3024364406779661,0.3019067796610169,0.6027060270602707,1,0.26057791537667696,0.15404497286120444,979.6675
25013810902,874.0,174800.0,48125.0,6.773080375655535,12.071397742203573,10.781557071590086,0.5380875202593193,0.3760129659643436,0.1620745542949757,0.4619124797406807,0.4975369458128079,1,0.2919518527259854,0.14509283819628646,916.2433333333333
25013812401,,274000.0,90636.0,7.269767620306465,12.520883385370206,11.414606764101448,0.01335428122545169,0.01335428122545169,0.0,0.9866457187745483,0.03495379670550422,0,0.06412977562158884,0.02425712553062462,1436.2166666666665
25001014100,1486.0,,50682.0,7.303843225277705,,10.833326096955552,0.4671717171717172,0.4116161616161616,0.05555555555555555,0.4772727272727273,0.965034965034965,1,0.22112211221122113,0.07023809523809524,
25001010600,1025.0,604000.0,73203.0,6.932447891572509,13.311329476916953,11.200991682716156,0.11472660181147266,0.06709158000670916,0.047635021804763505,0.8852733981885273,0.2141863699582754,0,0.10074748131296718,0.07475365273530411,3165.9666666666667
25001014600,1598.0,371800.0,69155.0,7.37650812632622,12.82611135426948,11.144105641058808,0.08019764348156594,0.07069555302166476,0.009502090459901177,0.919802356518434,0.254860746190226,0,0.09676658012744867,0.0327790973871734,1948.8516666666665
25001010700,1025.0,670900.0,82417.0,6.932447891572509,13.416375373550979,11.319547005298054,0.07820224719101124,0.053258426966292134,0.0249438202247191,0.9217977528089888,0.1634954193093728,0,0.024041585445094216,0.10498858819693511,3516.6341666666667
25001011100,1247.0,386900.0,83531.0,7.1284959456800365,12.865921540688605,11.332973099424969,0.047044258743423086,0.029712163416898793,0.017332095326524296,0.9529557412565769,0.1415182755388941,0,0.007491438356164383,0.047303082191780824,2028.0008333333333
25001011300,1172.0,498000.0,81948.0,7.066466970136958,13.11835535600679,11.31384017874909,0.09719222462203024,0.054715622750179986,0.042476601871850254,0.9028077753779697,0.14398111723052714,0,0.0023455824863174357,0.05629397967161845,2610.35
25001011600,1206.0,324900.0,48810.0,7.095064377287131,12.691272721657192,10.795690488881194,0.22466422466422467,0.10195360195360195,0.1227106227106227,0.7753357753357754,0.4088050314465409,0,0.14507422402159245,0.14754653130287648,1703.0175
25001012200,1379.0,492100.0,105754.0,7.229113877793302,13.10643722685407,11.568870921252277,0.022642910170749816,0.011135857461024499,0.011507052709725315,0.9773570898292502,0.14910025706940874,0,0.022138680033416874,0.02388935456831517,2579.4241666666667
25001013300,1080.0,358900.0,72371.0,6.984716320118266,12.790799077135699,11.189560945645045,0.11974584555229717,0.03128054740957967,0.0884652981427175,0.8802541544477028,0.21751824817518248,0,0.0578809679529104,0.0612736660929432,1881.2341666666664
25001010500,643.0,803100.0,78682.0,6.466144724237619,13.596234518176553,11.273169691600364,0.086139896373057,0.0508419689119171,0.0352979274611399,0.913860103626943,0.2083633741888969,0,0.019085343896290963,0.06913935902052575,4209.5824999999995
25001012900,1642.0,329700.0,82396.0,7.403670290012373,12.705938429059822,11.319292171029959,0.004171011470281543,0.004171011470281543,0.0,0.9906152241918665,0.059602649006622516,0,0.036885245901639344,0.06068398045770121,1728.1775
25001013200,,415700.0,75673.0,7.686603360176986,12.93771912524073,11.234176704733272,0.009695290858725761,0.009695290858725761,0.0,0.9903047091412742,0.08228800802809834,0,0.044956140350877194,0.04912280701754386,2178.960833333333
25001013400,1357.0,492700.0,92500.0,7.213031659834869,13.107655748532055,11.434963923500517,0.033674339300937765,0.02216538789428815,0.011508951406649617,0.9663256606990622,0.04954954954954955,0,0.0021586616297895305,0.036684782608695655,2582.5691666666667
25001013500,1488.0,371400.0,108036.0,7.305188215393037,12.825034927900742,11.590219783896478,0.01405553651011313,0.0,0.01405553651011313,0.9859444634898868,0.061416729464958554,0,0.01867043847241867,0.03969941868708351,1946.7549999999999
25001013600,1220.0,345400.0,98224.0,7.106606137727303,12.752458444694716,11.495005863667277,0.11862348178137652,0.07692307692307693,0.041700404858299595,0.8813765182186235,0.18121104185218165,0,0.05515328916961947,0.030637636080870917,1810.4716666666666
25001013800,1285.0,378300.0,81199.0,7.158513997329321,12.84344281062112,11.304658210803,0.16828872668288727,0.10056772100567721,0.06772100567721005,0.8317112733171127,0.25089605734767023,0,0.059875426964034556,0.056416615003099815,1982.9225
25001014300,1557.0,571600.0,103967.0,7.350516171833998,13.25619472503785,11.551828820078464,0.010974304068522484,0.0034796573875802996,0.007494646680942184,0.9890256959314775,0.13534278959810875,0,0.0014825796886582653,0.024482584553255932,2996.1366666666668
25001014900,1016.0,631800.0,86293.0,6.923628628138427,13.356328167350123,11.36550376138312,0.1872160934458144,0.08500973393900065,0.10220635950681375,0.8127839065541856,0.2838452787258248,0,0.032231404958677684,0.058126084441873914,3311.685
25001011500,1287.0,297000.0,52353.0,7.160069207596127,12.601487417784837,10.86576452124698,0.08597603946441155,0.04263565891472868,0.04334038054968287,0.9140239605355884,0.31483578708946774,0,0.0812664907651715,0.13386041439476554,1556.7749999999999
25001011700,1006.0,432100.0,65313.0,6.913737350659685,12.976412321920025,11.086946376614357,0.113345521023766,0.04204753199268738,0.0712979890310786,0.886654478976234,0.23799359658484526,0,0.054576463899943146,0.06594656054576464,2264.9241666666667
25001012700,1435.0,424600.0,83207.0,7.268920128193722,12.958902828251293,11.329086757885566,0.12909260991580918,0.044589959463673216,0.08450265045213595,0.8599937636420331,0.22986036519871106,0,0.009657170449058426,0.04466441332689522,2225.6116666666667
25001010206,1174.0,504900.0,69267.0,7.068172000388042,13.132115668847007,11.145723881287113,0.039473684210526314,0.03353140916808149,0.005942275042444821,0.9191426146010186,0.12815656565656566,0,0.021832806664751507,0.10539994224660698,2646.5175
25001010208,1040.0,472400.0,65446.0,6.946975992135418,13.065581363305345,11.088980654115193,0.07057745187901009,0.05346776657500764,0.017109685304002444,0.9086465016804155,0.14040561622464898,0,0.030303030303030304,0.05422647527910686,2476.1633333333334
25001010304,984.0,510300.0,79044.0,6.891625897052253,13.142754067052064,11.277759938428693,0.03432248838040758,0.03432248838040758,0.0,0.9656775116195924,0.1864555848724714,0,0.016454134101192924,0.04432477216238608,2674.8224999999998
25001010306,1295.0,429600.0,62553.0,7.166265974133638,12.970609822176792,11.04376947637563,0.028160750953358755,0.02200058668231153,0.006160164271047228,0.9718392490466412,0.08184764991896272,0,0.05117790414297319,0.09870024370430544,2251.82
25001011002,1313.0,390900.0,70688.0,7.180069874302796,12.876207051781046,11.166031106219844,0.07295525790823597,0.016813907096038756,0.056141350812197205,0.927044742091764,0.14761904761904762,0,0.048702101359703334,0.054657428791377985,2048.9675
25017353101,2299.0,560800.0,104167.0,7.740229524763182,13.237119614702518,11.553750659485363,0.9294117647058824,0.22647058823529412,0.7029411764705882,0.07058823529411765,0.8642857142857143,1,0.2929532858273951,0.19584709768758848,2939.5266666666666
25017353102,2875.0,,105263.0,7.963807953231451,,11.564217259356655,1.0,0.027777777777777776,0.9722222222222222,0.0,1.0,0,0.16084061589679569,0.19573643410852712,
25017356702,1648.0,695700.0,109783.0,7.4073177104694174,13.452673811911733,11.606260969112531,0.5200256328099968,0.24415251521948095,0.27587311759051586,0.4799743671900032,0.39419225634178906,1,0.08317850507360297,0.0670687921872756,3646.6275
25017363103,1348.0,616100.0,134669.0,7.206377291472252,13.331164567002663,11.810575194857744,0.2596439169139466,0.020771513353115726,0.23887240356083086,0.7403560830860534,0.1947245927075252,0,0.04276589836156623,0.0022216051096917524,3229.390833333333
25017363104,1782.0,564000.0,149702.0,7.485491608030754,13.242809530480196,11.916401930371915,0.20130151843817787,0.10845986984815618,0.0928416485900217,0.7986984815618221,0.14272809394760613,0,0.038726616343944864,0.018378733180177225,2956.2999999999997
25017366202,1211.0,714700.0,170820.0,7.099201743553092,13.47961815320807,12.048365649500138,0.06440677966101695,0.021791767554479417,0.04261501210653753,0.9230024213075061,0.07901487942534634,0,0.06764027671022291,0.01479631053036126,3746.2191666666663
25017370201,1829.0,615700.0,118340.0,7.511524648390866,13.330515110899302,11.681317116230685,0.6596968112911658,0.4913748039728176,0.16832200731834815,0.3267119707266074,0.3775566611387507,1,0.04119355690520201,0.053604436229205174,3227.2941666666666
25017370202,1887.0,577200.0,106094.0,7.54274354536855,13.265944105881854,11.57208077257891,0.530471648118707,0.492845786963434,0.03762586115527292,0.46952835188129305,0.3739565943238731,1,0.11505424954792043,0.040317100792751984,3025.49
25017321500,1369.0,286300.0,66319.0,7.221835825288449,12.564795491086207,11.102231711287777,0.5463414634146342,0.2640650406504065,0.28227642276422765,0.45365853658536587,0.43897714064316157,1,0.24799762681696827,0.11021953065859198,1500.6891666666668
25017327102,1298.0,289800.0,85175.0,7.168579897264035,12.576946308868719,11.352463242529167,0.23590333716915995,0.12945914844649023,0.10644418872266974,0.7640966628308401,0.27238805970149255,0,0.07768595041322314,0.07220643939393939,1519.0349999999999
25017328100,1750.0,465400.0,131250.0,7.4673710669175595,13.050652529850328,11.78485918045387,0.004344048653344918,0.004344048653344918,0.0,0.9956559513466551,0.034210526315789476,0,0.013452914798206279,0.024813153961136022,2439.471666666667
25017330200,1397.0,426600.0,110298.0,7.242082359256962,12.963602085019387,11.610941072710927,0.3144199494036863,0.04192265992049151,0.2724972894831948,0.6855800505963137,0.22265932336742722,0,0.03814754341695117,0.016272412234443274,2236.095
25017331101,2114.0,450800.0,113750.0,7.656337166430183,13.018779061147757,11.641758336813197,0.2685810810810811,0.048986486486486486,0.2195945945945946,0.731418918918919,0.30743243243243246,0,0.03004043905257077,0.020294117647058824,2362.943333333333
25017333200,1417.0,404300.0,77356.0,7.256297239690681,12.909912455628863,11.256173422482188,0.2978529008679762,0.1489264504339881,0.1489264504339881,0.6829602558245774,0.3111954459203036,0,0.16663437318349156,0.05106217111674138,2119.205833333333
25017331200,1754.0,439600.0,125375.0,7.469654172932128,12.993620501511604,11.739064525264236,0.0963855421686747,0.0,0.0963855421686747,0.9036144578313253,0.1172673480365788,0,0.017343107455748255,0.03494623655913978,2304.2366666666667
25017332200,2055.0,482000.0,101828.0,7.628031126930335,13.085699393032737,11.531040394395399,0.46031331592689295,0.011488250652741514,0.44882506527415145,0.539686684073107,0.41539763113367173,0,0.09151521668996666,0.052048607377137325,2526.483333333333
25005633100,1325.0,390000.0,97464.0,7.1891677384203225,12.873902018105829,11.487238358034244,0.06851311953352769,0.06851311953352769,0.0,0.9314868804664723,0.13522012578616352,0,0.0510578772512677,0.033794431798284015,2044.25
25005633200,1130.0,387300.0,106667.0,7.029972911706386,12.866954865502844,11.577467111102917,0.056118143459915615,0.056118143459915615,0.0,0.9308016877637131,0.061650045330915684,0,0.022945151658022946,0.01291660022324988,2030.0974999999999
25005640200,710.0,249300.0,30097.0,6.565264970035361,12.42641226951165,10.312180777995717,0.9122863592389552,0.6249596904224444,0.2873266688165108,0.08771364076104482,0.753177966101695,1,0.15581243894496907,0.25479726347405307,1306.7475
25005640700,930.0,226800.0,54189.0,6.835184586147301,12.331823850835734,10.900233214800668,0.4431731502669718,0.36536994660564454,0.07780320366132723,0.5568268497330282,0.4265676567656766,1,0.07386990077177508,0.12532252119424991,1188.81
25005641000,648.0,231700.0,22624.0,6.473890696352274,12.353198710420468,10.0267665686963,0.9777777777777777,0.2903225806451613,0.6874551971326165,0.022222222222222223,0.9473684210526315,1,0.17524916943521596,0.33596345514950166,1214.4941666666666
25005641200,750.0,174700.0,32250.0,6.620073206530356,12.070825496122147,10.381273322223919,0.9506093649775497,0.43553559974342526,0.5150737652341244,0.04939063502245029,0.8893528183716075,1,0.12230889235569423,0.24452097683155918,915.7191666666666
25005645101,965.0,248300.0,69902.0,6.872128101338986,12.422392971496258,11.154849540115867,0.12269662921348315,0.12269662921348315,0.0,0.8543820224719101,0.1577858251422659,0,0.015601624278692027,0.09639877031181379,1301.5058333333334
25005645103,959.0,293700.0,95205.0,6.8658910748834385,12.590314117186711,11.46378774040868,0.07695709862892526,0.04290137107474569,0.034055727554179564,0.9230429013710747,0.12171052631578948,0,0.003082719643774619,0.018412367552544728,1539.4775
25005650400,847.0,173400.0,47028.0,6.741700694652055,12.063356343328579,10.758498447987632,0.8543689320388349,0.6218985976267529,0.23247033441208198,0.14563106796116504,0.7118855009334163,1,0.06984969053934571,0.17742410845859122,908.9049999999999
25005652000,826.0,204700.0,39963.0,6.716594773520978,12.229300771649381,10.595709305019572,0.7820823244552058,0.7110573042776432,0.07102502017756256,0.2179176755447942,0.5961871750433275,1,0.26980014803849,0.26459293394777267,1072.9691666666665
25005652100,843.0,249000.0,58542.0,6.736966958001855,12.425208175446844,10.977499724336004,0.4717741935483871,0.45806451612903226,0.013709677419354839,0.5282258064516129,0.4233241505968779,1,0.117455728225515,0.09071196241416697,1305.175
25005652300,684.0,202200.0,44107.0,6.52795791762255,12.217012585568508,10.694373778997369,0.6380368098159509,0.49923312883435583,0.1388036809815951,0.3619631901840491,0.582258064516129,1,0.15873015873015872,0.19788359788359788,1059.865
25005612100,,337900.0,100060.0,7.479389507638639,12.73050527270238,11.513525285042196,0.21699196326061998,0.04936854190585534,0.16762342135476463,0.7629161882893226,0.15636588380716934,0,0.04768041237113402,0.0770223752151463,1771.1591666666666
25005613400,1364.0,328100.0,91310.0,7.218176838403408,12.701073718949193,11.422015589610385,0.17467581998474446,0.11212814645308924,0.06254767353165523,0.8253241800152555,0.14754098360655737,0,0.17444107093568867,0.13087991145545103,1719.7908333333332
25005614102,873.0,274300.0,91569.0,6.771935555839602,12.521977676925694,11.424848065434961,0.21556657764212134,0.05303319343761923,0.16253338420450208,0.7844334223578787,0.14875357580711074,0,0.08737283064033513,0.08486753480017961,1437.7891666666665
25005641800,825.0,268500.0,54835.0,6.715383386334681,12.500606192931057,10.912083955194309,0.8176470588235294,0.611764705882353,0.20588235294117646,0.18235294117647058,0.6394948335246843,1,0.14702970297029702,0.14134808853118713,1407.3874999999998
25027718100,903.0,374600.0,98520.0,6.805722553416985,12.833614068992125,11.498014852234475,0.18091560948703805,0.13623827909542197,0.04467733039161611,0.8190843905129619,0.15640880858272163,0,0.021829294913774284,0.03747534516765286,1963.5283333333334
25027728300,959.0,287200.0,91118.0,6.8658910748834385,12.567934116156206,11.419910648802041,0.17061855670103093,0.042268041237113405,0.1283505154639175,0.8293814432989691,0.18298109010011124,0,0.052213868003341685,0.03159931212381771,1505.4066666666668
25027731102,1145.0,229700.0,70167.0,7.0431599159883405,12.34452938867719,11.158633394019004,0.5314494074749316,0.5177757520510483,0.013673655423883319,0.46855059252506837,0.5211538461538462,1,0.19467125053717232,0.13459879206212252,1204.0108333333333
25027731300,1101.0,228000.0,28144.0,7.00397413672268,12.337100907936577,10.245089466977339,0.9141975308641975,0.4728395061728395,0.44135802469135804,0.08580246913580247,0.8460471567267683,1,0.6893628657369428,0.3195183422010641,1195.1
25027731500,996.0,221300.0,23252.0,6.903747257584598,12.30727452603914,10.054146428821241,0.8886384129846708,0.45536519386834984,0.433273219116321,0.11136158701532912,0.8710307767464582,1,0.5337779690189329,0.3202024647887324,1159.9808333333333
25027746100,1487.0,442500.0,132063.0,7.304515946460155,13.00019574343012,11.79103436043738,0.02169811320754717,0.02169811320754717,0.0,0.9726415094339622,0.12011863568956994,0,0.011041529334212262,0.009586776859504133,2319.4375
25027732400,1091.0,236500.0,34207.0,6.994849985833071,12.373703486914124,10.440185580469512,0.8743083003952569,0.692094861660079,0.18221343873517787,0.12569169960474308,0.7769265434880577,1,0.6710772328491299,0.2297828937782311,1239.6541666666665
25027732902,,,,,,,0.0,0.0,0.0,1.0,0.0,0,0.16495726495726495,0.6363636363636364,
25027739200,1223.0,336300.0,77932.0,7.109062135687172,12.725758897728362,11.263591930565777,0.5066079295154186,0.10866372980910426,0.39794419970631423,0.4933920704845815,0.42735042735042733,0,0.1026424316480831,0.04704444783870475,1762.7725
25027745100,1196.0,328900.0,107550.0,7.086737934510577,12.703509032177148,11.585711134695876,0.17558239861949956,0.13373597929249353,0.04184641932700604,0.8153580672993961,0.17410517012814847,0,0.028398588472525625,0.041412084181941616,1723.9841666666664
25027748100,1166.0,298500.0,78704.0,7.061334366910438,12.606525211814795,11.273449259035122,0.257433489827856,0.2081377151799687,0.04929577464788732,0.7347417840375586,0.25856443719412725,1,0.015422578655151141,0.06180469715698393,1564.6374999999998
25027752100,1107.0,304800.0,95567.0,7.009408932708637,12.627411102794628,11.467582851163785,0.1588021778584392,0.06594071385359952,0.09286146400483969,0.8357531760435571,0.2024793388429752,0,0.07903115760745963,0.02872449561153539,1597.6599999999999
25027707300,754.0,166900.0,44271.0,6.625392368007956,12.025150109649926,10.69808511413156,0.7231740306582507,0.37240757439134353,0.3507664562669071,0.2768259693417493,0.6786504424778761,1,0.14160839160839161,0.1365,874.8341666666666
25027712101,1528.0,241300.0,100677.0,7.331714969726466,12.393796251613123,11.51967265142747,0.1954754330151997,0.07705903145987981,0.1184164015553199,0.7875574407917992,0.23600605143721634,0,0.06858936043036462,0.07855626326963906,1264.8141666666666
25027727100,973.0,309500.0,99875.0,6.880384082186005,12.642713371106789,11.511674683068575,0.05925925925925926,0.04135802469135803,0.017901234567901235,0.9407407407407408,0.0732484076433121,0,0.10082135523613964,0.0276697919048708,1622.2958333333333
25027728200,1430.0,280900.0,120739.0,7.265429723253953,12.545754013092335,11.701386470056718,0.05512321660181582,0.04345006485084306,0.011673151750972763,0.9448767833981842,0.04602235371466141,0,0.031382727701746105,0.024834437086092714,1472.3841666666667
25027730901,1304.0,249300.0,67609.0,7.1731917424865985,12.42641226951165,11.121496389263907,0.4305364511691884,0.29504814305364513,0.13548830811554333,0.5694635488308115,0.3456973293768546,1,0.1136431784107946,0.08207147183525136,1306.7475
25027731700,989.0,111500.0,31726.0,6.8966943316227125,11.62177986988231,10.3648918129684,0.9793296089385475,0.056424581005586595,0.9229050279329609,0.020670391061452513,0.8878016960208741,0,0.44759901857693657,0.3697223278813237,584.4458333333333
25025080900,2121.0,784100.0,61964.0,7.659642954564682,13.572291842219013,11.034308850226253,0.9005699810006333,0.3628879037365421,0.5376820772640912,0.09689677010766308,0.9466019417475728,1,0.11300813008130081,0.3853061224489796,4109.990833333333
25025081400,1463.0,385600.0,47589.0,7.288244401020124,12.862555841718528,10.770356921076566,0.831143232588699,0.4967148488830486,0.3344283837056505,0.16885676741130093,0.6609152288072018,1,0.6055763345800748,0.2101326079564774,2021.1866666666665
25025081800,925.0,416300.0,30703.0,6.829793737512425,12.939161433183067,10.33211564867072,0.8529810298102981,0.6226287262872628,0.23035230352303523,0.1470189701897019,0.6988388969521045,1,0.9770707939237604,0.33933759442184774,2182.1058333333335
25025090300,1017.0,406200.0,30326.0,6.92461239604856,12.914600928128422,10.319760709360885,0.9393258426966292,0.7295880149812735,0.20973782771535582,0.060674157303370786,0.7619047619047619,1,1.0294032862496396,0.429732868757259,2129.165
25025092300,1495.0,342200.0,50417.0,7.3098814858247865,12.74315064044023,10.82808369877337,0.7760141093474426,0.7319223985890653,0.04409171075837742,0.2239858906525573,0.6097328244274809,1,1.0557193396226414,0.18902077151335311,1793.698333333333
25025160400,1307.0,350900.0,54800.0,7.175489713624222,12.768256561571306,10.911445472936107,0.9508196721311475,0.4269422665716322,0.5238774055595153,0.04918032786885246,0.9025679758308157,1,0.7568493150684932,0.14878353087960075,1839.3008333333335
25025160200,1362.0,347600.0,49821.0,7.216709486709457,12.758807672373374,10.816191860874863,0.9534706331045004,0.6872616323417239,0.2662090007627765,0.04652936689549962,0.8895116092874299,1,0.9094660194174757,0.19684466019417476,1822.0033333333333
25025170400,1312.0,370800.0,48621.0,7.179307969504034,12.823418112673837,10.79181081532623,0.7610581092801387,0.45403295750216827,0.3070251517779705,0.23894189071986124,0.5593372145096283,1,0.3962937776266576,0.17324039442366543,1943.61
25025000502,1685.0,451500.0,60875.0,7.429520842786462,13.020330651839178,11.01657786038489,0.9514348785871964,0.05739514348785872,0.8940397350993378,0.04856512141280353,0.8267148014440433,0,0.12853692201518288,0.2339733159778718,2366.6124999999997
25025040600,2313.0,649600.0,141736.0,7.746300662231439,13.384112067829605,11.861721451280273,0.7618421052631579,0.5651315789473684,0.19671052631578947,0.23289473684210527,0.3937455579246624,1,0.10512569376428338,0.029161205766710354,3404.986666666666
25025051200,1354.0,451000.0,71645.0,7.21081845347222,13.019222618484815,11.179478647150702,0.8855465884079237,0.7292736610418196,0.15627292736610418,0.1144534115920763,0.6255012028869287,1,0.3559322033898305,0.13075060532687652,2363.9916666666663
25025060800,1722.0,520200.0,116090.0,7.451241684987676,13.161968631996688,11.662121031332081,0.8102783725910064,0.593576017130621,0.21670235546038544,0.18972162740899357,0.49312470365101946,1,0.06138522121843873,0.07505827505827506,2726.7149999999997
25025070200,897.0,732600.0,25280.0,6.799055862058796,13.504355129326852,10.137768848260794,0.961895456765999,0.08353688324377137,0.8783585735222277,0.032730825598436736,0.8838356164383562,0,0.07025969405905372,0.2849032258064516,3840.045
25025082000,1064.0,461800.0,40536.0,6.96979066990159,13.042887175902532,10.609945747155745,0.8157514450867052,0.6264450867052023,0.1893063583815029,0.1842485549132948,0.6056338028169014,1,0.9548254620123203,0.30302141390437076,2420.6016666666665
25025070600,2618.0,1161000.0,154659.0,7.870165946469845,13.964792260680028,11.948977972346183,0.7630942788074134,0.49879129734085415,0.26430298146655923,0.23690572119258663,0.318606627017842,1,0.10160218835482611,0.059788980070339975,6085.575
25025081300,473.0,,18003.0,6.159095388491933,,9.798293689657623,0.8919031719532554,0.2646076794657763,0.6272954924874792,0.10809682804674457,0.9277210884353742,1,0.8582425835523845,0.47730269353927296,
25025081900,908.0,466200.0,21964.0,6.811244378601294,13.052370005583795,9.997160028398763,0.791015625,0.4622395833333333,0.3287760416666667,0.208984375,0.8210144927536231,1,0.9834001144819691,0.4708070978820836,2443.665
25025091100,1678.0,432400.0,79087.0,7.425357887027151,12.97710636474719,11.27830379132357,0.8528967254408061,0.7420654911838791,0.11083123425692695,0.14710327455919395,0.5565077664702731,1,0.13997477931904162,0.12962962962962962,2266.4966666666664
25025100400,1513.0,370000.0,54828.0,7.321849713788356,12.821258284620408,10.911956291351272,0.7546391752577319,0.6474226804123712,0.10721649484536082,0.24536082474226803,0.4963131026659104,1,0.7594248641066106,0.20071301247771836,1939.4166666666667
25025000302,2040.0,456600.0,100883.0,7.620705086838262,13.031563013077832,11.52171670849956,0.6716085989621943,0.5789473684210527,0.09266123054114159,0.3283914010378058,0.4747866563227308,1,0.2147592966272701,0.1003170942634765,2393.345
25025000701,1877.0,425600.0,64964.0,7.537430036586509,12.961255217009573,11.081588549294494,0.9679144385026738,0.11942959001782531,0.8484848484848485,0.03208556149732621,0.8712916476494751,0,0.15843235355430477,0.22924984240386637,2230.853333333333
25025010500,2023.0,920500.0,49417.0,7.612336837167746,13.73267227965527,10.808049773531675,0.9700166574125486,0.17712382009994448,0.7928928373126041,0.029983342587451417,0.9013452914798207,1,0.28506530380465644,0.2905897945659377,4824.954166666666
25025030400,1872.0,644600.0,92047.0,7.534762657037537,13.376385248363475,11.430054595146965,0.9692125518058022,0.3552397868561279,0.6139727649496743,0.03078744819419775,0.7921385742838108,1,0.06372007366482504,0.09027007029226786,3378.778333333333
25025050500,1637.0,278100.0,61029.0,7.400620577371135,12.535736040222057,11.019104440020062,0.9516129032258065,0.3411910669975186,0.6104218362282878,0.034739454094292806,0.7466487935656837,1,0.5648660144619311,0.13994045087196938,1457.7074999999998
25025070700,1465.0,1087900.0,118553.0,7.289610521451167,13.899759790409174,11.683115396951518,0.9387474191328287,0.4163799036476256,0.522367515485203,0.06125258086717137,0.5726744186046512,1,0.3385682980277575,0.1183345507669832,5702.409166666667
25025081200,377.0,627900.0,24958.0,5.932245187448011,13.3501361971022,10.1249496910678,0.8634764250527798,0.22308233638282898,0.6403940886699507,0.13652357494722026,0.7944606413994169,1,0.802674672489083,0.36844978165938863,3291.2425
25025081700,908.0,439200.0,36895.0,6.811244378601294,12.992710169177458,10.515831319492467,0.577384351798972,0.31010850942318674,0.2672758423757853,0.4220445459737293,0.7612393681652491,1,0.8593110093953265,0.3060135790494665,2302.14
25025091900,1341.0,389500.0,50758.0,7.201170883281678,12.87261914429294,10.83482451994885,0.7014725568942436,0.535475234270415,0.16599732262382866,0.29852744310575635,0.6053779069767442,1,1.0498330948974726,0.20410109680495947,2041.6291666666666
25025100200,1528.0,312300.0,44750.0,7.331714969726466,12.65171954327117,10.708846723703001,0.7464114832535885,0.6019138755980862,0.1444976076555024,0.2535885167464115,0.6109391124871001,1,1.0113372093023256,0.2478856809565471,1636.9724999999999
25025101002,1143.0,343500.0,45275.0,7.04141166379481,12.746942390644541,10.720510282751615,0.6481709823263461,0.34689683518290176,0.3012741471434443,0.35182901767365393,0.6587370242214533,1,1.0056643469817121,0.19218672405230922,1800.5124999999998
25025110502,1545.0,418200.0,97734.0,7.3427791893318455,12.94371506597667,11.49000478158566,0.706645056726094,0.5596974608319827,0.1469475958941113,0.293354943273906,0.48285398230088494,1,0.47300875942147075,0.05361930294906166,2192.065
25025110601,1176.0,576500.0,109423.0,7.069874128458572,13.264730618691251,11.602976384533141,0.2211910286156226,0.05955143078112916,0.16163959783449341,0.7788089713843774,0.1377887788778878,0,0.11717171717171718,0.05021834061135371,3021.820833333333
25025130402,1286.0,476400.0,72079.0,7.1592919047975645,13.074013116463282,11.185518018712065,0.38258232235701906,0.11178509532062392,0.27079722703639514,0.5866551126516465,0.2873354516568316,0,0.11511957843534658,0.05560064935064935,2497.1299999999997
25025140400,1478.0,351200.0,62403.0,7.298445101508147,12.7691111407431,11.041368630124937,0.4879898862199747,0.26327433628318586,0.22471554993678888,0.5018963337547409,0.33615635179153097,1,0.927909831492021,0.15697023942716493,1840.8733333333332
25025000201,2108.0,547100.0,88424.0,7.653494909661253,13.212386880051918,11.389898704990792,0.8465473145780051,0.7653452685421995,0.08120204603580562,0.14641943734015345,0.689745264532985,1,0.10874467551991981,0.12102230017539464,2867.715833333333
25025000100,1905.0,519400.0,79597.0,7.552237287560802,13.160429578210785,11.284731682680036,0.8698379508625196,0.6084683742812337,0.26136957658128596,0.1301620491374804,0.7312008978675645,1,0.18989481592787377,0.15017261219792866,2722.5216666666665
25025000202,1736.0,602900.0,83000.0,7.459338895220296,13.309506624477496,11.326595886778735,0.7108125399872041,0.5124760076775432,0.19833653230966092,0.2891874600127959,0.6717709720372836,1,0.32256554307116103,0.17111423220973782,3160.200833333333
25025000301,2012.0,552400.0,106897.0,7.60688453121963,13.222027700517273,11.579621033008495,0.7163934426229508,0.4336065573770492,0.2827868852459016,0.2836065573770492,0.5821917808219178,1,0.2505091649694501,0.05901060070671378,2895.4966666666664
25025000802,1821.0,558300.0,52573.0,7.507141079727608,13.232651731298452,10.869957958953366,0.8846018940722553,0.38653104173974046,0.4980708523325149,0.11539810592774465,0.8293515358361775,1,0.19765695404025233,0.30294441820185797,2926.4225
25025010600,2723.0,1171500.0,93214.0,7.909489492673759,13.973795536929988,11.442653203984875,1.0,0.03973264017823988,0.9602673598217601,0.0,0.8481075697211156,0,0.13926868044515103,0.12686804451510333,6140.612499999999
25025040100,1644.0,770300.0,157222.0,7.404887575616125,13.554535328341057,11.965414098294694,0.8167539267015707,0.3575168287210172,0.45923709798055345,0.18324607329842932,0.4992248062015504,1,0.0730816077953715,0.042224928948436866,4037.655833333333
25025040300,1787.0,631500.0,135744.0,7.488293515159428,13.355853220772683,11.818526037924354,0.7313974591651543,0.5267695099818511,0.2046279491833031,0.26860254083484575,0.4255421686746988,1,0.14402836250830933,0.12224938875305623,3310.1124999999997
25025050400,1522.0,373400.0,62727.0,7.3277805384216315,12.83040551008976,11.046547255939533,0.9143117593436645,0.7356426618049225,0.17866909753874202,0.07383773928896992,0.7515212981744422,1,0.5392394822006472,0.08333333333333333,1957.2383333333335
25025051000,1292.0,406700.0,54844.0,7.163946684342547,12.915831091895315,10.912248070476545,0.7152385838891739,0.6259620318111853,0.08927655207798871,0.27347357619291945,0.6788321167883211,1,0.43748716895914597,0.16772736604393348,2131.7858333333334
25017374800,1731.0,904300.0,129028.0,7.456454555176209,13.71491644272857,11.767784714054507,0.36315086782376504,0.08344459279038718,0.27970627503337786,0.6194926568758344,0.3380681818181818,0,0.06967615309126594,0.027530828792658446,4740.0391666666665
25017382300,1442.0,705700.0,156875.0,7.273786317844895,13.466945496988922,11.963204588868185,0.2046147148454506,0.11319111885067479,0.0914235959947758,0.7953852851545494,0.17565139263252472,0,0.051864125932062966,0.023138832997987926,3699.0441666666666
25017301102,1022.0,280400.0,98990.0,6.92951677076365,12.543972434142573,11.502774113913853,0.09383236689509752,0.017923036373220874,0.07590933052187665,0.9061676331049024,0.10005527915975677,0,0.02710333145115754,0.03588471082267608,1469.7633333333333
25017312000,1059.0,233700.0,46071.0,6.9650803456014065,12.36179352052695,10.737938963793802,0.662426614481409,0.541095890410959,0.12133072407045009,0.337573385518591,0.7043010752688172,1,0.4302575107296137,0.2703862660944206,1224.9775
25017316101,2571.0,412700.0,111500.0,7.852050207265889,12.930476215740674,11.62177986988231,0.027984009137635636,0.027984009137635636,0.0,0.9720159908623643,0.03411764705882353,0,0.026355996944232237,0.03714340417384645,2163.235833333333
25017335200,1164.0,514200.0,98351.0,7.059617628291383,13.150367573813925,11.49629799153369,0.3608087091757387,0.16329704510108864,0.19751166407465007,0.6391912908242613,0.24938675388389206,1,0.08158694608862582,0.02287581699346405,2695.265
25017353500,1876.0,673400.0,89219.0,7.53689712956617,13.42009478570911,11.398849300370172,0.8559139784946237,0.45376344086021503,0.4021505376344086,0.14408602150537633,0.6170712607674237,1,0.22258064516129034,0.05591397849462366,3529.7383333333332
25017338300,2253.0,1157100.0,135787.0,7.720017940432244,13.96142743286443,11.818842760511163,0.24283305227655985,0.07504215851602024,0.16779089376053963,0.7571669477234402,0.2735768903993203,0,0.007924413288631514,0.01557632398753894,6065.1325
25017311300,1065.0,276300.0,62545.0,6.970730078143525,12.529242510911509,11.043641576648842,0.6630355846042121,0.3493100944081336,0.3137254901960784,0.3369644153957879,0.6417546709991877,1,0.15026562104730584,0.1730669434353918,1448.2725
25017322300,1125.0,277100.0,63477.0,7.025538314638521,12.53213373085107,11.0584329145444,0.4251152073732719,0.16820276497695852,0.2569124423963134,0.4857910906298003,0.3368421052631579,1,0.11533742331288344,0.07837423312883436,1452.4658333333334
25017333100,1505.0,470200.0,93343.0,7.316548177182976,13.060913415088105,11.444036159548698,0.30237648530331457,0.0300187617260788,0.27235772357723576,0.6976235146966854,0.2909967845659164,0,0.07127856701667697,0.03680060082613594,2464.6316666666667
25017334200,1381.0,508100.0,102634.0,7.2305631534092925,13.138433557581823,11.538924540838845,0.38953134510042603,0.21241631162507607,0.17711503347534996,0.6104686548995739,0.3141228625712476,1,0.00808133472367049,0.022943037974683545,2663.290833333333
25017334400,1316.0,444700.0,90811.0,7.182352111885263,13.005155176498787,11.416535702626327,0.3290825363088912,0.08643287283032235,0.2426496634785689,0.6709174636911087,0.21428571428571427,0,0.024,0.03591871780194619,2330.9691666666663
25017338100,1806.0,814700.0,161625.0,7.498869733976931,13.610575226298733,11.993034116074158,0.1474820143884892,0.1474820143884892,0.0,0.8525179856115108,0.13425925925925927,0,0.04244996967859309,0.010006064281382655,4270.385833333333
25017340100,1113.0,437400.0,101728.0,7.014814351275545,12.988603387224805,11.53005786371053,0.1444043321299639,0.08223024468511833,0.062174087444845566,0.855595667870036,0.09421754953497775,0,0.158667676003028,0.057120743034055725,2292.705
25017350500,2068.0,912000.0,109896.0,7.63433723562832,13.723395269056468,11.60728974300504,0.8144611186903138,0.6657571623465212,0.14870395634379263,0.1855388813096862,0.6118143459915611,1,0.07470511140235911,0.07879185817465528,4780.4
25017342300,1438.0,426400.0,66639.0,7.271008538280992,12.963133151833771,11.107045270725733,0.7734138972809668,0.6499244712990937,0.12348942598187311,0.22205438066465258,0.6005735354362965,1,0.373420145538108,0.14256462759150243,2235.0466666666666
25017342500,1317.0,393300.0,59840.0,7.183111701743281,12.882327958419902,10.99942961264836,0.7965799786248664,0.6006412540078375,0.19593872461702885,0.2034200213751336,0.631870158613058,1,0.49600196826177884,0.10527616458667985,2061.5475
25017350700,1180.0,598000.0,71912.0,7.07326971745971,13.301346032932768,11.183198428253235,0.9302100161550888,0.5059773828756058,0.424232633279483,0.06978998384491114,0.7101449275362319,1,0.19527532290958532,0.1819733697507682,3134.5166666666664
25017350800,2224.0,697100.0,135000.0,7.707062655370473,13.45468415147449,11.813030057420567,0.8122406639004149,0.6317427385892116,0.18049792531120332,0.18775933609958506,0.5076923076923077,1,0.06823642479577126,0.07304180682364247,3653.965833333333
25017350900,2062.0,712400.0,128958.0,7.631431664576906,13.476394830397643,11.76724204893533,0.7637941723496591,0.5678859268443893,0.1959082455052697,0.23620582765034098,0.6547842401500938,1,0.02386058981233244,0.07265415549597855,3734.1633333333334
25017353300,2281.0,681400.0,112632.0,7.732369222284388,13.431904784209003,11.631881146142364,0.782183316168898,0.3733264675592173,0.40885684860968075,0.21266735324407826,0.43385650224215244,1,0.13566739606126915,0.08071966934111355,3571.6716666666666
25017301101,884.0,251800.0,78510.0,6.784457062637643,12.436390400592384,11.2709812841923,0.20203227734608487,0.07053197848176927,0.1315002988643156,0.7842199641362821,0.2234567901234568,0,0.04514727184934814,0.05773447015834348,1319.8516666666667
25017353600,2050.0,1067500.0,103708.0,7.6255950721324535,13.880830024084917,11.549334536854392,0.8130718954248366,0.3660130718954248,0.4470588235294118,0.1869281045751634,0.6349892008639308,1,0.1343825665859564,0.06033920417482061,5595.479166666667
25023525104,1713.0,368400.0,116140.0,7.44600149832412,12.816924583363289,11.662551638926042,0.12632549562010142,0.08944213923467036,0.036883356385431075,0.8630705394190872,0.12798053527980535,0,0.02655550409140034,0.0531966031084762,1931.03
25023509101,1173.0,437000.0,119542.0,7.067319848653476,12.987688474077727,11.691423053039692,0.11697965571205007,0.05203442879499218,0.0649452269170579,0.8685446009389671,0.1518324607329843,0,0.024617431803060547,0.07899388171312033,2290.608333333333
25023509102,1329.0,311600.0,88116.0,7.192182058713246,12.64947559297873,11.386409407239611,0.1952887537993921,0.10296352583586627,0.09232522796352584,0.7245440729483282,0.20622895622895623,0,0.0363109444255029,0.038801316473237486,1633.3033333333333
25023525203,1531.0,307200.0,70956.0,7.333676395657684,12.635254280255655,11.16981524560883,0.36600757257046695,0.06520824568784182,0.3007993268826252,0.5498527555742533,0.4086115992970123,0,0.14177302518109694,0.13522067874098823,1610.24
25023525204,2469.0,384300.0,123708.0,7.81156848934518,12.859178776552936,11.725679228884385,0.12217573221757322,0.018410041841004185,0.10376569037656903,0.8778242677824267,0.16343723673125526,0,0.14417560488899975,0.03167872287353455,2014.3724999999997
25023500101,1350.0,453900.0,97151.0,7.2078598714324755,13.025632188444558,11.484021748113392,0.24005749880210828,0.11356013416387159,0.12649736463823671,0.7551509343555343,0.2694712905059693,0,0.03437190900098912,0.05415430267062315,2379.1924999999997
25023501101,1500.0,773400.0,141375.0,7.313220387090301,13.558551658155334,11.859171213418422,0.12123493975903614,0.06475903614457831,0.05647590361445783,0.8787650602409639,0.13261050875729774,0,0.03219981944026482,0.041289933694996984,4053.905
25023502200,1250.0,294300.0,74902.0,7.1308988302963465,12.592354934221564,11.223935871418504,0.14763779527559054,0.07992125984251969,0.06771653543307087,0.6874015748031496,0.1059463986599665,0,0.009671502417875604,0.036401456058242326,1542.6224999999997
25023511100,1587.0,226200.0,78987.0,7.369600720526409,12.329174842664157,11.277038560946151,0.061861520998864925,0.061861520998864925,0.0,0.9335981838819524,0.11736810906935388,0,0.40845864661654135,0.09175355450236967,1185.665
25023511301,1158.0,234000.0,54505.0,7.05444965813294,12.363076394339839,10.906047719562459,0.42376681614349776,0.3183856502242152,0.10538116591928251,0.5762331838565022,0.37233394271785497,1,0.4989367871641214,0.1497029702970297,1226.55
25023530801,1969.0,415100.0,99394.0,7.585281078639126,12.93627473404113,11.506847028649759,0.04597701149425287,0.02632554690396737,0.0196514645902855,0.9432703003337041,0.05084745762711865,0,0.013621418506341005,0.09049345735456409,2175.815833333333
25023530802,1429.0,355700.0,87140.0,7.264730177929867,12.781842957936547,11.375271299671432,0.04308313699091215,0.006058566139347021,0.03702457085156513,0.9471558397845843,0.19712306872669152,0,0.024559053360125028,0.046215673141326186,1864.4608333333333
25023530901,1534.0,338200.0,96354.0,7.335633981927201,12.731392715446617,11.475784188289547,0.024093123984840283,0.010016242555495398,0.014076881429344884,0.9634542501353547,0.1441640378548896,0,0.0361760036289408,0.02764766365817434,1772.7316666666666
25023530902,1450.0,349900.0,110250.0,7.27931883541462,12.765402678355779,11.610505793309093,0.07723372034326098,0.03230691569914185,0.044926804644119134,0.8985360928823827,0.0499412455934195,0,0.026418362927674317,0.033864977059209087,1834.0591666666667
25023540101,1389.0,344100.0,73516.0,7.236339342754344,12.748687591785572,11.205258348585364,0.20359628770301624,0.040023201856148494,0.16357308584686775,0.7697215777262181,0.23861566484517305,0,0.03157362970447083,0.054697391744745506,1803.6575
25023540102,1234.0,371100.0,102115.0,7.1180162044653335,12.824226847048688,11.533854908151259,0.014285714285714285,0.010317460317460317,0.003968253968253968,0.9857142857142858,0.11904761904761904,0,0.03497555471981948,0.03829787234042553,1945.1825
25023540103,,386200.0,140948.0,7.612994883912808,12.86411064897655,11.856146307012713,0.0,0.0,0.0,1.0,0.014935988620199146,0,0.02288770053475936,0.015869611837872614,2024.3316666666667
25023542101,1204.0,324600.0,105000.0,7.093404625868766,12.690348934062628,11.56171562913966,0.029186428310835462,0.025173294418095585,0.004013133892739876,0.9708135716891645,0.06421677802524128,0,0.029710512950736415,0.015223231418702828,1701.445
25023542102,1005.0,303200.0,81875.0,6.912742820493176,12.622147932750353,11.312948972937553,0.11984659635666348,0.01725790987535954,0.10258868648130393,0.7861936720997124,0.15736040609137056,0,0.04609523809523809,0.02896825396825397,1589.2733333333333
25023561200,992.0,302500.0,28750.0,6.899723107284872,12.619836556453032,10.266393046225497,0.595,0.52,0.075,0.405,0.5425531914893617,1,0.23130990415335465,0.4117647058823529,1585.6041666666667
25023990003,,,,,,,,,,,,0,,,
25025000503,1787.0,321900.0,70518.0,7.488293515159428,12.6819962172869,11.163623275360909,0.9793357933579335,0.04206642066420664,0.9372693726937269,0.005904059040590406,0.7619420516836335,0,0.060787244643746886,0.13990707279297884,1687.2924999999998
25025000504,1593.0,442600.0,58250.0,7.373374309910049,13.000421706599086,10.972499371427947,0.9444235824258356,0.1104018024784078,0.8340217799474278,0.055576417574164476,0.8257425742574257,0,0.10381741062411634,0.23678820155673905,2319.9616666666666
25025000703,1657.0,227900.0,33719.0,7.4127640174265625,12.336662215233776,10.425816755685535,1.0,0.08544600938967137,0.9145539906103286,0.0,0.95496417604913,0,0.17575140091696384,0.4210805084745763,1194.5758333333333
25025000704,1846.0,403300.0,61822.0,7.520776415062797,12.90743598086146,11.03201456715244,0.9772055719712959,0.06458421274799493,0.912621359223301,0.022794428028704093,0.9152981849611063,0,0.1826335099877701,0.2602935181410518,2113.9641666666666
25003900400,808.0,161500.0,48105.0,6.694562058521095,11.992260421644849,10.781141400795365,0.2732681682957926,0.13387165320866978,0.13939651508712284,0.7008074798130047,0.3538175046554935,0,0.1660377358490566,0.22001513431706393,846.5291666666667
25003900500,1038.0,246300.0,80000.0,6.945051063725834,12.414305584108629,11.289781913656018,0.15090543259557343,0.12810194500335345,0.022803487592219986,0.8490945674044266,0.1484149855907781,0,0.055588942307692304,0.054071661237785014,1291.0224999999998
25003900600,831.0,138400.0,27015.0,6.7226297948554485,11.837903322165706,10.204147546278167,0.6502590673575129,0.48082901554404145,0.1694300518134715,0.33471502590673574,0.58680333119795,1,0.20385185185185184,0.3758189398451459,725.4466666666666
25003923100,995.0,194400.0,64979.0,6.902742737158593,12.177673171008475,11.081819419754105,0.05904059040590406,0.05166051660516605,0.007380073800738007,0.7601476014760148,0.18397212543554006,0,0.03720050441361917,0.04382093316519546,1018.98
25003924100,826.0,438700.0,48493.0,6.716594773520978,12.991571087154306,10.789174736612106,0.2327790973871734,0.11579572446555819,0.1169833729216152,0.7672209026128266,0.3669222343921139,0,0.050510204081632655,0.12315010570824525,2299.5191666666665
25003900100,723.0,147000.0,21329.0,6.583409222158765,11.898187865760873,9.967822928041022,0.905045871559633,0.3426605504587156,0.5623853211009174,0.09495412844036698,0.922824302134647,1,0.20167189132706373,0.3104909925821265,770.525
25003914100,874.0,273200.0,71369.0,6.773080375655535,12.517959406678772,11.17561888037753,0.3418772563176895,0.18086642599277977,0.16101083032490976,0.6212996389891696,0.3587994542974079,1,0.035243055555555555,0.0573534699748292,1432.0233333333333
25003926100,1076.0,304200.0,76250.0,6.98100574072173,12.62544065880733,11.241772694469658,0.09340044742729306,0.06879194630872483,0.024608501118568233,0.8948545861297539,0.11343930635838151,0,0.00946372239747634,0.08170347003154574,1594.515
25003921400,790.0,79100.0,32336.0,6.672032945461067,11.278468153755746,10.383936439643403,0.4356223175965665,0.3133047210300429,0.1223175965665236,0.33798283261802575,0.3590462833099579,1,0.08547008547008547,0.23962411902897415,414.6158333333333
25003900700,897.0,160600.0,59750.0,6.799055862058796,11.986672080494799,10.997924469793757,0.24,0.1230188679245283,0.1169811320754717,0.76,0.19263698630136986,0,0.04642097802976612,0.0943327239488117,841.8116666666666
25003911100,966.0,223700.0,76818.0,6.873163834212518,12.318061147478222,11.249194266674234,0.09662162162162162,0.05067567567567568,0.04594594594594595,0.8945945945945946,0.14603960396039603,0,0.02,0.06533333333333333,1172.5608333333332
25003922100,644.0,146300.0,40117.0,6.467698726104354,11.893414587008216,10.59955546360705,0.564773452456924,0.3337587747287811,0.23101467772814294,0.43522654754307594,0.511751326762699,1,0.03820870994248151,0.11467324290998766,766.8558333333334
25003922300,933.0,158100.0,53750.0,6.838405200847344,11.970983023197563,10.89209894598991,0.23968565815324164,0.224950884086444,0.014734774066797643,0.7259332023575639,0.22094361334867663,1,0.018948365703458078,0.041212695405021316,828.7075
25003931100,928.0,183000.0,64330.0,6.833031732786201,12.117241431823558,11.071781364405046,0.06388526727509779,0.03911342894393742,0.024771838331160364,0.9269882659713168,0.06456241032998565,0,0.034977064220183485,0.0912743972445465,959.2249999999999
25003931300,813.0,174800.0,60893.0,6.70073110954781,12.071397742203573,11.016873504562854,0.03576158940397351,0.013245033112582781,0.022516556291390728,0.8940397350993378,0.08103727714748785,0,0.05585106382978723,0.1009421265141319,916.2433333333333
25003931400,,241800.0,74688.0,7.144750452099087,12.39586621716283,11.221074715646228,0.011827956989247311,0.011827956989247311,0.0,0.9268817204301075,0.03867403314917127,0,0.022170361726954493,0.05669199298655757,1267.435
25003933200,1092.0,466700.0,72115.0,6.9957661563048505,13.053441931937908,11.18601734601761,0.027071369975389663,0.019688269073010665,0.007383100902378999,0.9729286300246104,0.1453900709219858,0,0.023236514522821577,0.10491257285595337,2446.2858333333334
25003933400,700.0,264200.0,74597.0,6.551080335043404,12.484461671070362,11.219855570906017,0.013289036544850499,0.009136212624584718,0.004152823920265781,0.9647009966777409,0.09770114942528736,0,0.02508361204013378,0.08079071766222604,1384.8483333333334
25021419100,1923.0,493100.0,100436.0,7.56164174558878,13.108467272212218,11.517275987707487,0.2827133479212254,0.1912472647702407,0.09146608315098469,0.7172866520787746,0.2557919621749409,1,0.07068366164542295,0.028229823978744604,2584.665833333333
25021420201,431.0,330500.0,79265.0,6.066108090103747,12.708361938273878,11.280551948277328,0.17956656346749225,0.02476780185758514,0.15479876160990713,0.8204334365325078,0.21860095389507153,0,0.5482261640798226,0.09834190966266437,1732.3708333333334
25021442103,,458000.0,128605.0,7.78350869803258,13.034624463096321,11.764500970278672,0.07010915197313182,0.018471872376154493,0.05163727959697733,0.9298908480268682,0.04015378043571124,0,0.030204081632653063,0.044081632653061226,2400.683333333333
25021456401,1313.0,330700.0,77014.0,7.180069874302796,12.708966898969884,11.251742502490716,0.20089285714285715,0.1875,0.013392857142857142,0.7991071428571429,0.2118380062305296,1,0.1276595744680851,0.04293313069908815,1733.4191666666666
25021456402,1586.0,377200.0,112949.0,7.368970402194793,12.84053082974144,11.634691668381969,0.05602094240837696,0.03664921465968586,0.0193717277486911,0.943979057591623,0.060941828254847646,0,0.14534883720930233,0.043351548269581056,1977.1566666666665
25021403300,1761.0,917700.0,169214.0,7.473637108496206,13.729625818807104,12.038919465048089,0.05933917734322319,0.051921780175320294,0.007417397167902899,0.9406608226567768,0.06996466431095406,0,0.07403891789273849,0.008902077151335312,4810.277499999999
25021404100,2507.0,939800.0,158561.0,7.826842098158293,13.753422365650852,11.973894656304775,0.1393273850377488,0.02539464653397392,0.11393273850377487,0.8606726149622512,0.2991329479768786,0,0.13549574419139637,0.07821486082355647,4926.118333333333
25021414100,2293.0,521400.0,130402.0,7.737616282857904,13.164272780481538,11.778377265780385,0.17365809652683806,0.04149751917004962,0.13216057735678846,0.8263419034731619,0.15629522431259044,0,0.10512273212379936,0.022920050532394876,2733.0049999999997
25021415101,1743.0,494100.0,130242.0,7.463363045520021,13.11049320483384,11.777149537383817,0.21242937853107344,0.0655367231638418,0.14689265536723164,0.7824858757062146,0.06420454545454546,0,0.11909693454846727,0.022302463891248937,2589.9075
25021416200,1734.0,473300.0,107333.0,7.458186157340487,13.06748471589434,11.583691430263551,0.19628990509059535,0.19628990509059535,0.0,0.8037100949094047,0.15225066195939982,1,0.4267943951958822,0.057906777237632254,2480.880833333333
25021419500,1306.0,473600.0,108170.0,7.174724309836376,13.068118362551933,11.591459342624335,0.14168937329700274,0.07720254314259764,0.06448683015440508,0.8583106267029973,0.12605832549388524,0,0.10835716555449634,0.011505922165820644,2482.4533333333334
25021419600,2619.0,436500.0,100827.0,7.870547844507712,12.986543654261794,11.521161455894942,0.3485772357723577,0.03116531165311653,0.3174119241192412,0.649390243902439,0.25302087147564994,0,0.025153553670663936,0.020641194554238032,2287.9874999999997
25003934300,1122.0,408400.0,71743.0,7.022868086082641,12.920002365272648,11.180845567886877,0.04634464751958225,0.038511749347258484,0.007832898172323759,0.9536553524804178,0.11434735706580366,0,0.0717557251908397,0.059541984732824425,2140.6966666666667
25003921300,720.0,161700.0,29665.0,6.579251212010101,11.993498045565198,10.297723178692744,0.5563288386254893,0.2357546759460635,0.32057416267942584,0.41061331013484126,0.5159548355424645,1,0.08000858000858001,0.18917441224712958,847.5775
25003900200,893.0,126100.0,34375.0,6.794586580876499,11.744830521953011,10.445084834968872,0.8130434782608695,0.5708695652173913,0.24217391304347827,0.18695652173913044,0.7716830754805438,1,0.1445149989051894,0.17308962783527856,660.9741666666666
25003925100,897.0,315000.0,56622.0,6.799055862058796,12.66032791780777,10.944152881249389,0.343205574912892,0.19425087108013936,0.1489547038327526,0.6434378629500581,0.3371024734982332,1,0.13417464461850884,0.09478511975539324,1651.125
25005600100,1233.0,361700.0,95789.0,7.117205503164344,12.798570417940189,11.469903134819365,0.40851829634073183,0.19556088782243553,0.21295740851829634,0.5914817036592681,0.3901660280970626,1,0.09939759036144578,0.06058221872541306,1895.9108333333334
25005613100,960.0,240000.0,75000.0,6.866933284461882,12.388394202324129,11.225243392518447,0.2416636787378989,0.20616708497669414,0.03549659376120473,0.6088203657224812,0.17638376383763837,1,0.07620872641509434,0.0730654761904762,1258.0
25005613300,1439.0,274900.0,79375.0,7.271703706887368,12.524162674153336,11.281938736194993,0.09909255898366606,0.09437386569872959,0.004718693284936479,0.8105263157894737,0.07433174661296228,0,0.09357060849598163,0.07137654770575383,1440.9341666666667
25005616100,,357300.0,94516.0,7.535215278947758,12.7863310440115,11.456524411319458,0.006782534972445952,0.006782534972445952,0.0,0.9838914794404409,0.057643040136635355,0,0.0016469531366971103,0.018777226979119724,1872.8474999999999
25005640500,771.0,248400.0,45609.0,6.647688373563329,12.422795629041461,10.727860344448946,0.8781496803309515,0.6013538924407672,0.2767957878901843,0.12185031966904851,0.7313242784380306,1,0.17946692991115498,0.17543512658227847,1302.03
25005641300,766.0,234900.0,38739.0,6.641182169740591,12.366915170647005,10.564602123514762,0.8702865761689291,0.5354449472096531,0.334841628959276,0.11840120663650075,0.7872,1,0.3238783833889507,0.28032695522942597,1231.2675
25005641500,686.0,239400.0,39665.0,6.530877627725885,12.38589107210601,10.588224465736102,0.8036529680365296,0.6126331811263318,0.19101978691019786,0.1963470319634703,0.6235906331309627,1,0.14518257809062912,0.09986801583809943,1254.855
25027731203,892.0,215100.0,20478.0,6.79346613258001,12.278858315255821,9.927106418134763,0.9364617940199336,0.4742524916943522,0.4622093023255814,0.06353820598006645,0.8491048593350383,1,0.44040823386957273,0.3648468708388815,1127.4824999999998
25027731204,1110.0,243400.0,34688.0,7.01211529430638,12.402461459535564,10.454149084799319,0.9846827133479212,0.6991247264770241,0.2855579868708972,0.015317286652078774,0.8193069306930693,1,0.5300859598853869,0.34401913875598084,1275.8216666666665
25027732302,1138.0,219300.0,44000.0,7.037027614686276,12.29819593440598,10.691944912900398,0.7278481012658228,0.6006904487917146,0.12715765247410818,0.2721518987341772,0.5871261378413524,1,0.3587731811697575,0.22650083712030614,1149.4975
25001010100,1307.0,600500.0,50741.0,7.175489713624222,13.305517920502176,10.834489541275977,0.537909186906019,0.4084477296726505,0.12946145723336852,0.457233368532207,0.2346590909090909,1,0.05033783783783784,0.11016949152542373,3147.620833333333
25001010800,,436700.0,71776.0,7.73588597440991,12.987001739473651,11.181305437319935,0.054751250329033954,0.021058173203474598,0.033693077125559356,0.9452487496709661,0.06342592592592593,0,0.013852242744063324,0.05859464408331426,2289.0358333333334
25001010900,997.0,420600.0,79423.0,6.904750769961838,12.949437542250736,11.282543277832316,0.2713400095374344,0.13996185026227945,0.13137815927515498,0.723652837386743,0.18661639962299717,0,0.03665413533834586,0.04437524328532503,2204.645
25001013900,1339.0,395400.0,69386.0,7.199678345691172,12.887653189718653,11.147440397038215,0.10609993510707333,0.0645684620376379,0.04153147306943543,0.8939000648929266,0.15191545574636725,0,0.06338028169014084,0.03340040241448692,2072.555
25001014500,1671.0,315400.0,64841.0,7.421177528595393,12.661596953511076,11.07969339830934,0.03148823334438183,0.026184951939012265,0.005303281405369572,0.962877030162413,0.151252408477842,0,0.04008551576696953,0.08252252252252253,1653.2216666666666
25001015100,1580.0,344200.0,81888.0,7.365180126021013,12.748978162759576,11.313107738959514,0.19649722340879966,0.01836821870995301,0.17812900469884665,0.7821443827424178,0.10606060606060606,0,0.04241006142146827,0.08891488739397485,1804.1816666666666
25001015200,1358.0,511600.0,82083.0,7.213768308118642,13.145298348686826,11.315486209444275,0.0855421686746988,0.05542168674698795,0.030120481927710843,0.9144578313253012,0.08831908831908832,0,0.03193517635843661,0.04671115347950429,2681.6366666666668
25001010400,1237.0,506000.0,60188.0,7.1204443723924875,13.134291948269603,11.00522827587877,0.2118973561430793,0.09447900466562986,0.11741835147744946,0.7776049766718507,0.19404019404019404,0,0.09559789750328515,0.06523921043827367,2652.2833333333333
25001013700,1280.0,307300.0,73775.0,7.154615356913663,12.635579748118577,11.20877519981114,0.13604018417748012,0.07241523650062788,0.06362494767685224,0.8639598158225199,0.28151898734177216,0,0.040693938744913255,0.05751092707614447,1610.7641666666666
25001014800,805.0,480900.0,40284.0,6.690842277418564,13.083414627265753,10.603709646768035,0.3968365553602812,0.15114235500878734,0.24569420035149384,0.6031634446397188,0.4903033316757832,0,0.0535663133772558,0.08397855866587255,2520.7175
25001014700,1476.0,356700.0,58750.0,7.297091005160418,12.784650371346983,10.981046432006405,0.11181702668360864,0.08481575603557814,0.027001270648030495,0.8881829733163914,0.23558586484810912,0,0.07024029574861368,0.0718093446221386,1869.7025
25001012800,1542.0,377600.0,67083.0,7.340835554123275,12.841590713253483,11.113685937656255,0.08948863636363637,0.023674242424242424,0.06581439393939394,0.9105113636363636,0.1673493270918666,0,0.016466283324621016,0.06119205298013245,1979.2533333333333
25007200200,1530.0,561100.0,82045.0,7.333023014386481,13.237654421739064,11.31502315620925,0.08568398727465536,0.04750795334040297,0.03817603393425239,0.9085896076352068,0.19488636363636364,0,0.055911224925309436,0.10514975220857574,2941.0991666666664
25007200100,1399.0,589700.0,50301.0,7.243512974665482,13.287369211988596,10.825780236605917,0.09532949456174024,0.06781829814459372,0.027511196417146513,0.9046705054382598,0.3596435391470401,0,0.11406288081891298,0.09611151870873075,3091.0108333333333
25007200400,1212.0,832000.0,94277.0,7.10002716662926,13.631587719803345,11.453992536433487,0.017353125653355634,0.017353125653355634,0.0,0.9788835458916998,0.12690665039658328,0,0.047889995258416314,0.07850646242221158,4361.066666666667
25013813000,1091.0,245000.0,77114.0,6.994849985833071,12.409013489526863,11.25304012542791,0.05314685314685315,0.043356643356643354,0.009790209790209791,0.9373426573426573,0.10279053338043094,0,0.019217281526160753,0.07180212014134275,1284.2083333333333
25013813207,935.0,214800.0,53526.0,6.840546529288687,12.277462641616847,10.887922796141838,0.3977176669484362,0.20963651732882502,0.18808114961961117,0.5722738799661876,0.35503802281368824,1,0.1301894397420395,0.11341954632181471,1125.91
25013800202,897.0,113000.0,37500.0,6.799055862058796,11.635143097694478,10.532096211958502,0.07342657342657342,0.07342657342657342,0.0,0.6241258741258742,0.23175182481751824,0,0.47667638483965014,0.19765739385065886,592.3083333333333
25013800800,552.0,204200.0,14250.0,6.313548046277095,12.226855184712702,9.564512185696797,0.9442105263157895,0.32105263157894737,0.6231578947368421,0.05578947368421053,0.9615384615384616,1,0.888,0.5585882352941176,1070.3483333333334
25013801102,1027.0,,37969.0,6.934397209928558,,10.544525316297522,0.9818941504178273,0.16852367688022285,0.8133704735376045,0.018105849582172703,0.9622980251346499,1,0.6282722513089005,0.22960151802656548,
25013810403,873.0,172700.0,46218.0,6.771935555839602,12.05931126413477,10.741124611581021,0.5246753246753246,0.32,0.20467532467532468,0.4753246753246753,0.5328068043742406,1,0.12444001991040318,0.1976511744127936,905.2358333333333
25013810404,992.0,226400.0,66365.0,6.899723107284872,12.330058625311166,11.102925088060303,0.2736220472440945,0.2125984251968504,0.0610236220472441,0.7263779527559056,0.33489618218352313,1,0.06235263295782028,0.029866387215090384,1186.7133333333334
25013810700,1053.0,181500.0,57645.0,6.959398512133975,12.109010932687042,10.962058791667054,0.4451636102121539,0.2646530025170802,0.1805106076950737,0.5548363897878461,0.421822272215973,1,0.28657728009429795,0.15087355641101569,951.3625000000001
25013810901,873.0,157500.0,27285.0,6.771935555839602,11.967180737247824,10.214092379620332,0.8788177339901477,0.5064039408866995,0.3724137931034483,0.12118226600985221,0.8516902944383861,1,0.43439363817097415,0.3111332007952286,825.5625
25013812902,1075.0,244500.0,74335.0,6.980075940561763,12.406970587897064,11.21633718304745,0.12187659357470679,0.05660377358490566,0.06527281998980113,0.8750637429882713,0.08809891808346214,0,0.06798930004458315,0.03914113173786625,1281.5874999999999
25013813403,1654.0,270300.0,77963.0,7.4109518755836366,12.507287732264539,11.263989634153559,0.22998805256869773,0.05077658303464755,0.17921146953405018,0.7700119474313023,0.2455470737913486,0,0.04965622612681436,0.04620883329078376,1416.8225
25013800201,916.0,138100.0,36638.0,6.82001636467413,11.835733339397384,10.508841232145404,0.37113790504898264,0.34815373021853807,0.022984174830444612,0.6288620949510173,0.4191147669408539,1,0.6563788934717679,0.23906539393075937,723.8741666666666
25013800600,730.0,,15545.0,6.593044534142437,,9.651494322492853,0.9267139479905437,0.4326241134751773,0.4940898345153664,0.07328605200945626,0.9602564102564103,1,1.0648477659153817,0.6141889198884017,
25013800700,467.0,156600.0,17313.0,6.1463292576688975,11.96145006253884,9.759212943379076,0.8498122653316645,0.32540675844806005,0.5244055068836045,0.15018773466833543,0.8519973804846104,1,0.9955721277091587,0.5264507107900256,820.8449999999999
25013801402,467.0,120300.0,42257.0,6.1463292576688975,11.69774390196277,10.6515252995352,0.21728691476590636,0.09843937575030012,0.11884753901560624,0.7827130852340937,0.27640156453715775,0,0.732421875,0.21989005497251374,630.5725
25013801501,733.0,142000.0,53723.0,6.597145701886651,11.863582336583399,10.891596494200753,0.10705937353903694,0.028050490883590462,0.07900888265544646,0.8929406264609631,0.2762582056892779,0,0.6894746681622733,0.15855275620382647,744.3166666666666
25013801605,401.0,171700.0,50496.0,5.993961427306569,12.053504046885568,10.829649404205545,0.2736784140969163,0.10407488986784141,0.1696035242290749,0.7224669603524229,0.3395375070501974,0,0.5529990167158308,0.24114909973700183,899.9941666666667
25013802601,1147.0,148800.0,52529.0,7.044905117129371,11.910358401381128,10.869120677025895,0.5012549300824668,0.49551810684833275,0.005736823234134099,0.49874506991753315,0.5320945945945946,1,0.6230311052283256,0.1974851091992058,779.96
25013810412,1056.0,205100.0,80714.0,6.962243464266207,12.231252944060472,11.298667321243991,0.09800859039437719,0.03553299492385787,0.06247559547051933,0.8844201483795392,0.12239800166527894,0,0.05913461538461538,0.030846253229974162,1075.0658333333333
25013810602,,237900.0,81277.0,7.128489931227307,12.37960569629105,11.30561835268232,0.0,0.0,0.0,0.9306640625,0.05859375,0,0.016123122022718945,0.04953095684803002,1246.9925
25013811102,771.0,164900.0,35133.0,6.647688373563329,12.01309450854769,10.466896138710247,0.4998033818324813,0.2886354699174204,0.21116791191506096,0.5001966181675187,0.48111249481112495,1,0.38801261829652994,0.2400796945043998,864.3508333333333
25013811302,992.0,163500.0,51000.0,6.899723107284872,12.004568269319446,10.839580911706463,0.25211097708082025,0.19139525532770407,0.0607157217531162,0.7478890229191797,0.20634920634920634,1,0.17926373821803307,0.12733142037302725,857.0124999999999
25013811900,1205.0,264700.0,83224.0,7.094234845924755,12.486352388215193,11.32929104675073,0.2703542573026725,0.19763828464885022,0.07271597265382225,0.7296457426973275,0.2384150436534587,1,0.11190738699007717,0.023428886438809263,1387.4691666666668
25013813204,314.0,264200.0,101806.0,5.749392985908253,12.484461671070362,11.530824320457986,0.051470588235294115,0.018790849673202614,0.032679738562091505,0.9485294117647058,0.05134899912967798,0,0.042467451952882825,0.013639181649101054,1384.8483333333334
25013813401,947.0,224600.0,74063.0,6.853299093186078,12.32207632128648,11.212671361343652,0.07307307307307308,0.05005005005005005,0.023023023023023025,0.9269269269269269,0.13110539845758354,0,0.04035020936429387,0.07921370182950564,1177.2783333333334
25013813404,680.0,329300.0,100125.0,6.522092798170152,12.704724468364455,11.51417468437066,0.08389932081502198,0.019176987614862164,0.06472233320015981,0.9161006791849781,0.1709016393442623,0,0.13434962245334092,0.00938198064035741,1726.0808333333332
25013811000,929.0,186600.0,58901.0,6.834108738813838,12.136722567395381,10.983613347424248,0.3553604436229205,0.2846580406654344,0.07070240295748614,0.6446395563770795,0.33985581874356335,1,0.13001569154898004,0.09145931405514458,978.0949999999999
25013801602,719.0,161400.0,49792.0,6.577861357721047,11.991641034817986,10.815609607538063,0.2620434092112229,0.07464266807834834,0.18740074113287453,0.7379565907887772,0.34073672806067173,0,0.42794210195091253,0.22224589814617515,846.005
25013813206,850.0,229100.0,63398.0,6.745236349484363,12.341913868441587,11.057187594186415,0.16913946587537093,0.05103857566765579,0.11810089020771514,0.8308605341246291,0.22562844880441446,0,0.12634408602150538,0.05664541441883276,1200.8658333333333
25013802500,1329.0,158900.0,63639.0,7.192182058713246,11.976030352524807,11.06098176894046,0.14340544312630846,0.10258199581297976,0.04082344731332868,0.8565945568736916,0.1629740893728877,0,0.3258020786262991,0.13650121065375304,832.9008333333333
25025000803,2374.0,,54896.0,7.772331575169614,,10.91319576509823,0.9844851904090268,0.02538787023977433,0.9590973201692524,0.015514809590973202,0.9928698752228164,0,0.21114754098360655,0.28209934395501407,
25025010103,1660.0,364000.0,31375.0,7.414572881350589,12.804909146618877,10.353766676434086,0.9264990328820116,0.009671179883945842,0.9168278529980658,0.058027079303675046,0.8734177215189873,0,0.18166983954310578,0.3435114503816794,1907.9666666666665
25025010104,1957.0,656600.0,57792.0,7.579167967396076,13.394830284049629,10.964605636776657,0.9895995839833593,0.061362454498179925,0.9282371294851794,0.010400416016640665,0.7371675943104514,0,0.12588259027637685,0.23525205577404362,3441.6783333333333
25025010204,1773.0,492500.0,41683.0,7.480428306074208,13.10724973959428,10.6378486508044,0.9585172109443955,0.13680494263018536,0.8217122683142101,0.04148278905560459,0.9103726082578046,0,0.11664810690423162,0.3455842018650576,2581.5208333333335
25009250500,1154.0,311900.0,39398.0,7.050989447068045,12.650437902595895,10.5814703325763,0.7822299651567944,0.6881533101045296,0.09407665505226481,0.21777003484320556,0.7146690518783542,1,0.9816939223822309,0.23067484662576687,1634.8758333333333
25009250600,1203.0,232900.0,55729.0,7.0925737159746784,12.358364455872433,10.928255936745675,0.8058252427184466,0.7155910908052542,0.09023415191319246,0.1941747572815534,0.6548946716232962,1,0.8751147842056933,0.1291874884323524,1220.7841666666666
25009251000,1131.0,202300.0,39939.0,7.030857476116121,12.217507023155838,10.595108569100027,0.6751824817518248,0.39233576642335766,0.28284671532846717,0.29744525547445255,0.7653846153846153,1,0.9942498693152118,0.29840425531914894,1060.3891666666666
25009251100,665.0,214300.0,20288.0,6.499787040655854,12.275132181461668,9.917784857236953,0.9349064279902359,0.36208299430431246,0.5728234336859235,0.06509357200976404,0.9220563847429519,1,0.8467857142857143,0.40623781676413256,1123.2891666666667
25009252501,1433.0,307800.0,66374.0,7.267525427828172,12.637205500386916,11.103060692517378,0.3542384562370779,0.22260509993108202,0.13163335630599587,0.6292212267401792,0.3770848440899202,1,0.5180836073273838,0.09441052137153594,1613.385
25009253204,1874.0,590300.0,156438.0,7.535830462798367,13.28838616122878,11.960415044333624,0.16221374045801526,0.009541984732824428,0.15267175572519084,0.8377862595419847,0.10617283950617284,0,0.03923151436874395,0.020161956701371674,3094.155833333333
25009260302,1067.0,339600.0,96648.0,6.9726062513017535,12.73552373341933,11.4788307911994,0.0763888888888889,0.041666666666666664,0.034722222222222224,0.9236111111111112,0.07552320291173795,0,0.04479131319986427,0.01761049723756906,1780.07
25009267101,1231.0,356200.0,73750.0,7.115582126184454,12.783247649837698,11.208436274202066,0.4923398328690808,0.2757660167130919,0.21657381615598886,0.471100278551532,0.3115693012600229,1,0.04529616724738676,0.08549986598767087,1867.0816666666667
25009267102,1770.0,352900.0,88693.0,7.478734825567875,12.773940009663361,11.392936247483393,0.06143344709897611,0.057532910775231594,0.0039005363237445147,0.810823988298391,0.12152777777777778,0,0.043629061701350856,0.06418485237483953,1849.7841666666666
25027741101,521.0,571400.0,131089.0,6.255750041753367,13.25584476877881,11.783631760815823,0.10774606872451951,0.0972626674432149,0.010483401281304601,0.885264997087944,0.13143549364021806,0,0.0379552435278631,0.041391457507705856,2995.088333333333
25027741102,2120.0,615600.0,153393.0,7.659171367666058,13.330352680946861,11.940758534540338,0.08328940432261465,0.04217185028993147,0.04111755403268318,0.9167105956773853,0.07947740881872618,0,0.05239303843364757,0.0325218023255814,3226.77
25027742401,,547900.0,184079.0,7.962732302462764,13.213848067526508,12.123120292273805,0.020527859237536656,0.015835777126099706,0.00469208211143695,0.9794721407624634,0.015402843601895734,0,0.04832509610104338,0.023796448837634997,2871.9091666666664
25027742402,1630.0,441600.0,131778.0,7.396335293800808,12.998159773945023,11.788873967542807,0.5237785016286645,0.06644951140065146,0.45732899022801304,0.4762214983713355,0.47067238912732473,0,0.06708193579300431,0.0392908481073311,2314.72
25027747101,974.0,268200.0,95422.0,6.881411303642535,12.499488249829716,11.466064438816906,0.1977294228949858,0.1456953642384106,0.05203405865657521,0.7980132450331126,0.17132689374682258,0,0.05124396583735611,0.03471964352023765,1405.8149999999998
25027747102,833.0,277600.0,78063.0,6.725033642166843,12.533936507614786,11.26527147197152,0.38177182919056724,0.2307202039515615,0.15105162523900573,0.6182281708094327,0.3661875427789186,1,0.04378238341968912,0.040501698458322445,1455.0866666666668
25027751101,801.0,314700.0,100539.0,6.68586094706836,12.659375083052499,11.518300990907068,0.08340180772391126,0.05094494658997535,0.03245686113393591,0.9165981922760887,0.06539991162174105,0,0.05586152635719906,0.02974036191974823,1649.5525
25027751102,1148.0,407800.0,113636.0,7.045776576879511,12.918532137122492,11.640755636474994,0.033277870216306155,0.01747088186356073,0.015806988352745424,0.9667221297836939,0.038200339558573854,0,0.00891089108910891,0.013201320132013201,2137.5516666666667
25027758101,1167.0,245100.0,79375.0,7.062191632286556,12.409421569516203,11.281938736194993,0.08819714656290532,0.040207522697795074,0.04798962386511025,0.6990920881971465,0.05507246376811594,0,0.054819277108433734,0.07134220072551391,1284.7324999999998
25027758102,1180.0,296100.0,96571.0,7.07326971745971,12.598452514089683,11.478033768090118,0.17542153047989623,0.048638132295719845,0.1267833981841764,0.8093385214007782,0.2244406196213425,0,0.03313444204646439,0.05725530024120858,1552.0575
25027761200,2089.0,398500.0,77938.0,7.644440761556566,12.895462777212407,11.263668917798766,0.5869384359400999,0.07029950083194675,0.5166389351081531,0.4130615640599002,0.5323456790123456,0,0.13267400634446724,0.043680838672102505,2088.8041666666663
25027761300,1120.0,295500.0,94122.0,7.02108396428914,12.59642411582829,11.452347092084295,0.1588715664439495,0.08240534521158129,0.07646622123236822,0.8411284335560505,0.2116279069767442,0,0.1537091988130564,0.0670878459687124,1548.9125000000001
25027761400,1217.0,554700.0,148625.0,7.104144092987527,13.226182706043327,11.909181633993082,0.08599895123230204,0.05768222338751967,0.02831672784478238,0.9140010487676979,0.06050783360345759,0,0.12876712328767123,0.04791743457427202,2907.5525
25017340000,1705.0,407400.0,79436.0,7.4413203897176174,12.917550782774843,11.282706944984055,0.6738738738738739,0.44504504504504505,0.22882882882882882,0.3261261261261261,0.4610328638497653,1,0.10257425742574257,0.07881188118811881,2135.455
25017341200,1444.0,391500.0,66418.0,7.275172319452771,12.877740794412995,11.103723383065155,0.7066772655007949,0.4829093799682035,0.22376788553259142,0.2933227344992051,0.5667495854063018,1,0.17719298245614035,0.10350877192982456,2052.1124999999997
25017350200,1836.0,530700.0,94907.0,7.515344571180436,13.181952168815986,11.46065274373233,0.7778180500181225,0.5936933671620153,0.18412468285610728,0.22218194998187749,0.5625479662317728,1,0.18666459434255517,0.09558594964252409,2781.7525
25017350400,1946.0,730000.0,120186.0,7.57353126274595,13.500799813124575,11.696795821754034,0.8924603174603175,0.7932539682539682,0.0992063492063492,0.10753968253968255,0.6546412646939602,1,0.07726745150058033,0.08512064343163539,3826.4166666666665
25017351000,1969.0,610800.0,107115.0,7.585281078639126,13.322524852326614,11.58165830265132,0.8777777777777778,0.6209523809523809,0.25682539682539685,0.12222222222222222,0.6733310742121315,1,0.0727560870191615,0.0946549488546319,3201.61
25017353000,2132.0,661300.0,74038.0,7.664815785285735,13.401962873662754,11.212333753896877,0.888425925925926,0.1648148148148148,0.7236111111111111,0.11157407407407408,0.7589086859688196,1,0.23713527851458885,0.14969423025791012,3466.3141666666666
25017353700,2006.0,856900.0,73750.0,7.603897968521881,13.66107650465721,11.208436274202066,0.9083557951482479,0.3018867924528302,0.6064690026954178,0.09164420485175202,0.6646039603960396,1,0.14873363929967703,0.14384463462804475,4491.5841666666665
25017353900,2045.0,821400.0,46413.0,7.623153068476902,13.618765480504596,10.745334871387179,0.9391131700860358,0.257445400397088,0.6816677696889477,0.06088682991396426,0.9109062980030722,1,0.1698545038417525,0.26608419380460685,4305.505
25017354000,2119.0,603800.0,78459.0,7.6586995582682995,13.310998296254876,11.270331474334373,0.8826247689463955,0.12014787430683918,0.7624768946395564,0.11737523105360444,0.6599254922831294,0,0.10601020181858505,0.17305863708399366,3164.918333333333
25017354600,2142.0,683600.0,93897.0,7.669495251007694,13.435128230223572,11.449953715804188,0.8299201666088164,0.26136758070114546,0.568552585907671,0.17007983339118363,0.6420975430876421,1,0.2671768707482993,0.08146604134097621,3583.203333333333
25017356300,1636.0,485100.0,82839.0,7.400009517162692,13.092110334233308,11.3246542439736,0.7397260273972602,0.5500207555002076,0.18970527189705272,0.2602739726027397,0.5428571428571428,1,0.09490137700037216,0.0543356903609974,2542.7324999999996
25017363201,647.0,572500.0,152361.0,6.472346294500901,13.257768014410532,11.93400798397347,0.13393590797041907,0.07066557107641742,0.06327033689400165,0.8455217748562038,0.1872852233676976,0,0.022005658597925182,0.040238918579063185,3000.8541666666665
25017364102,1461.0,321100.0,98153.0,7.2868764117507,12.679507880077605,11.494282764698522,0.29793233082706766,0.13674812030075187,0.1611842105263158,0.7020676691729323,0.22102009273570325,0,0.019175846593227255,0.03345573235414117,1683.0991666666666
25017365201,1082.0,631600.0,182857.0,6.9865664594064265,13.356011561363625,12.11645970559018,0.0365622032288699,0.024691358024691357,0.011870845204178538,0.9634377967711301,0.08374384236453201,0,0.020103869994974034,0.02183182670987549,3310.6366666666668
25017366100,783.0,585800.0,139010.0,6.663132695990803,13.28073371337577,11.842301151971139,0.1402310924369748,0.044642857142857144,0.09558823529411764,0.8382352941176471,0.16280384397964953,0,0.028828460437538336,0.027817844632186277,3070.568333333333
25017368500,1397.0,372900.0,61967.0,7.242082359256962,12.829065566166912,11.034357264263106,0.8103746397694525,0.2559077809798271,0.5544668587896253,0.18789625360230547,0.8263707571801566,1,0.39217056973086334,0.15938483047885355,1954.6175
25017368800,1405.0,549100.0,75929.0,7.247792581767846,13.216035853266964,11.237553972095531,0.6191489361702127,0.3140425531914894,0.3051063829787234,0.38085106382978723,0.5891583452211127,1,0.3347982421094686,0.08898821617228769,2878.1991666666668
25017368902,1766.0,465200.0,70357.0,7.476472381163905,13.050222699626646,11.161337560080053,0.773067331670823,0.24002493765586036,0.5330423940149626,0.2076059850374065,0.7339699863574352,1,0.25979337064141195,0.1756830601092896,2438.423333333333
25027732201,938.0,225700.0,47839.0,6.843749949006225,12.326961962805628,10.77559648539601,0.6681788723266364,0.2741412832145172,0.3940375891121192,0.3318211276733636,0.5632508833922262,1,0.15663551401869158,0.1857943925233645,1183.0441666666666
25027740101,2068.0,452900.0,126464.0,7.63433723562832,13.023426629544305,11.747712961667485,0.15476760900814565,0.05414470531863919,0.10062290368950647,0.8423574508864399,0.21367948077883175,0,0.0690006798096533,0.024512342482306233,2373.9508333333333
25027744102,1422.0,306600.0,98182.0,7.259819610363186,12.63329924541985,11.49457817815217,0.16920058852378617,0.045610593428151054,0.12358999509563512,0.820990681706719,0.17329255861365953,0,0.2073425908312726,0.060164782525388004,1607.095
25027753100,923.0,254100.0,78665.0,6.827629234502852,12.445483169308256,11.272953608674523,0.29624796084828714,0.11941272430668842,0.1768352365415987,0.6910277324632953,0.2950034223134839,0,0.09451604751074046,0.0981261078754115,1331.9075
25027756102,1290.0,306200.0,107364.0,7.162397497355718,12.63199376220572,11.583980209335596,0.04897067997504679,0.015907673112913287,0.0330630068621335,0.9510293200249532,0.10398445092322643,0,0.05877044557247603,0.03685281483156229,1604.9983333333332
25027757300,835.0,159800.0,35977.0,6.727431724850855,11.981678312314312,10.490635124372883,0.8618181818181818,0.5818181818181818,0.28,0.12363636363636364,0.8508384819064431,1,0.5373018940858136,0.2221346987002757,837.6183333333333
25027712102,1556.0,346800.0,106250.0,7.349873704738337,12.756503523888524,11.573550086786664,0.05885959534028203,0.05885959534028203,0.0,0.9190680564071122,0.06670942912123155,0,0.10417121642279974,0.049136786188579015,1817.8099999999997
25027720100,1125.0,374100.0,134191.0,7.025538314638521,12.832278420336237,11.807019437187364,0.015372790161414296,0.015372790161414296,0.0,0.9846272098385856,0.06774193548387097,0,0.0397908800464711,0.05053732210281731,1960.9075
25027729100,957.0,293100.0,79423.0,6.863803391452954,12.588269126698984,11.282543277832316,0.1449056603773585,0.09660377358490566,0.04830188679245283,0.8535849056603774,0.10517799352750809,0,0.22003113648157757,0.04428524910452621,1536.3324999999998
25027710200,1080.0,202900.0,73246.0,6.984716320118266,12.220468525813907,11.201578917879736,0.2963350785340314,0.1699825479930192,0.12635253054101223,0.6991273996509598,0.3125230882896195,1,0.16738131699846862,0.06584992343032159,1063.5341666666666
25027710500,907.0,173200.0,41250.0,6.810142450115136,12.062202275110472,10.627406391762827,0.7967320261437908,0.4797385620915033,0.31699346405228757,0.20326797385620915,0.6449925261584455,1,0.4473608306893568,0.230791788856305,907.8566666666666
25027733000,1152.0,159600.0,37250.0,7.049254841255837,11.980425963997845,10.525407223807706,0.8675862068965517,0.6896551724137931,0.17793103448275863,0.13241379310344828,0.8343898573692552,1,0.4340792666486924,0.2659486329743165,836.57
25027730801,1450.0,308800.0,95217.0,7.27931883541462,12.640449097132759,11.463913776266049,0.12366603892027621,0.04268675455116133,0.08097928436911488,0.8763339610797238,0.15989159891598917,0,0.05787234042553192,0.07887893672349032,1618.6266666666668
25027731101,985.0,220300.0,38841.0,6.892641641172089,12.302745532790434,10.567231668726757,0.5731566820276498,0.3709677419354839,0.2021889400921659,0.42684331797235026,0.5402873204247346,1,0.40372817366682395,0.32123368920521944,1154.7391666666665
25005642200,787.0,239000.0,45135.0,6.668228248417403,12.384218830913648,10.717413277732255,0.6119974473516273,0.44798978940650924,0.16400765794511807,0.3880025526483727,0.5510067114093959,1,0.13289962825278812,0.288232244686366,1252.7583333333332
25005642500,1291.0,252800.0,78077.0,7.1631723908466425,12.44035394125484,11.265450798217678,0.39107883817427386,0.14159751037344398,0.24948132780082988,0.6089211618257261,0.29646017699115046,0,0.03218975010588734,0.07466666666666667,1325.0933333333332
25005650500,861.0,195000.0,47582.0,6.7580945044277305,12.180754837545884,10.770209817441788,0.7926829268292683,0.6023035230352304,0.19037940379403795,0.2073170731707317,0.6803723816912335,1,0.14327296248382923,0.21830530401034928,1022.125
25005651001,1092.0,242500.0,47723.0,6.9957661563048505,12.398756989359676,10.77316874095837,0.43569131832797425,0.385048231511254,0.05064308681672026,0.5643086816720257,0.4276369582992641,1,0.10074626865671642,0.18230467356403854,1271.1041666666667
25005651100,815.0,187500.0,38066.0,6.703188113240863,12.141534124392603,10.54707677424773,0.8301075268817204,0.6381720430107527,0.19193548387096773,0.16989247311827957,0.6883582089552239,1,0.42505910165484634,0.2127406703113858,982.8125
25005651400,838.0,172800.0,36111.0,6.731018100482083,12.059890135352092,10.494352807047845,0.7434593023255814,0.6090116279069767,0.13444767441860464,0.2565406976744186,0.6016949152542372,1,0.2516025641025641,0.25985054347826086,905.7599999999999
25005652500,836.0,203200.0,31991.0,6.728628613084702,12.221945994686465,10.373209892223665,0.9782244556113903,0.8609715242881072,0.11725293132328309,0.021775544388609715,0.7846607669616519,1,0.33599419448476053,0.3175009134088418,1065.1066666666666
25005652800,911.0,231200.0,59760.0,6.814542897259958,12.35103841578036,10.9980918198067,0.39481065918653574,0.3884992987377279,0.006311360448807854,0.6051893408134642,0.2759158222915043,1,0.11063526052819414,0.10456816559600285,1211.8733333333332
25005653101,616.0,285600.0,72672.0,6.423246963533519,12.562347509447566,11.193711444905285,0.28742720109626585,0.03186022610483042,0.25556697499143544,0.7125727989037342,0.3514202476329206,0,0.01764793118789856,0.11629995509654244,1497.0199999999998
25005655300,804.0,271900.0,60714.0,6.6895992691789665,12.513189630620563,11.013929592957815,0.3988881167477415,0.20430854760250175,0.19457956914523974,0.6011118832522585,0.3495702005730659,1,0.014957264957264958,0.08246114811290835,1425.2091666666665
25005655400,1238.0,287300.0,73524.0,7.121252453244542,12.568282244967381,11.205367162513655,0.03173851255329228,0.028422548555187114,0.0033159639981051635,0.9682614874467077,0.16865953429830083,0,0.009717314487632508,0.09511189634864546,1505.930833333333
25005650600,877.0,197800.0,36616.0,6.776506992372183,12.195011698170749,10.508240582333478,0.9871708305199189,0.550979068197164,0.4361917623227549,0.012829169480081027,0.8852701702442635,1,0.4162196276427895,0.27895235089933734,1036.8016666666665
25005650700,838.0,166200.0,29896.0,6.731018100482083,12.020947161403486,10.30547997116532,0.9559386973180076,0.5268199233716475,0.42911877394636017,0.044061302681992334,0.8583042973286876,1,0.5609962009286619,0.37266553480475384,871.165
25005651500,723.0,167100.0,50968.0,6.583409222158765,12.026347714583485,10.838953263796324,0.6550925925925926,0.5432098765432098,0.11188271604938271,0.3449074074074074,0.5749588138385503,1,0.2746972594008923,0.12314635718891039,875.8825
25005631100,882.0,228400.0,58990.0,6.782192056006791,12.338853756763992,10.98512321699712,0.21528948847667229,0.16582349634626195,0.04946599213041034,0.6905564924114671,0.2308170239204722,1,0.08800623052959501,0.06868739430206842,1197.1966666666665
25005631200,806.0,312000.0,94600.0,6.692083742506628,12.65075846679162,11.45741275503997,0.1638898333900034,0.10132607956477388,0.06256375382522951,0.8021081264875892,0.22969187675070027,0,0.11637330631885526,0.05454776100469364,1635.3999999999999
25005632200,897.0,330600.0,88359.0,6.799055862058796,12.708664464369061,11.38916334013185,0.14210679894951853,0.10533994747592647,0.036766851473592065,0.8494309892033849,0.18205960460312776,0,0.01169311538002625,0.06431213459014437,1732.8949999999998
25005640400,820.0,233200.0,40949.0,6.709304340258298,12.359651733458474,10.620082668958622,0.6809593023255814,0.5770348837209303,0.10392441860465117,0.30450581395348836,0.5392070484581498,1,0.11065725956182695,0.13778939507094848,1222.3566666666666
25005642400,910.0,219500.0,54727.0,6.813444599510896,12.299107511497363,10.910112468091466,0.5158671586715867,0.37859778597785976,0.13726937269372694,0.4841328413284133,0.4636290967226219,1,0.06452714236940936,0.11297500855871277,1150.5458333333333
25005654200,778.0,249500.0,53705.0,6.656726524178391,12.427214194173711,10.891261386032147,0.16373477672530445,0.11569688768606225,0.04803788903924222,0.8112313937753721,0.21651630811936157,0,0.06876456876456877,0.09236596736596736,1307.7958333333333
25005651700,784.0,189400.0,30317.0,6.664409020350408,12.151616459734115,10.31946389026994,0.7561807331628303,0.2549019607843137,0.5012787723785166,0.24381926683716965,0.8097560975609757,1,0.4773547094188377,0.19973890339425587,992.7716666666666
25005652600,746.0,144800.0,42697.0,6.61472560020376,11.883108758933753,10.661883939137294,0.8892825509300266,0.6005314437555359,0.2887511071744907,0.11071744906997343,0.8206465067778936,1,0.5534545454545454,0.3789903489235338,758.9933333333333
25005655100,913.0,288700.0,81975.0,6.816735880594968,12.573143365651026,11.314169601712848,0.08594730238393977,0.04642409033877039,0.039523212045169384,0.9140526976160602,0.13524317121918722,0,0.011795859412614348,0.04261151258410167,1513.2691666666667
25005613600,987.0,251300.0,41065.0,6.894670039433482,12.434402723531683,10.622911456174293,0.7258732978093546,0.5488454706927176,0.17702782711663706,0.2522202486678508,0.6410256410256411,1,0.11817726589884828,0.15780186538946306,1317.2308333333333
25005613800,976.0,247600.0,31162.0,6.883462586413092,12.419569819792578,10.3469546827773,0.7875457875457875,0.5103785103785103,0.2771672771672772,0.21245421245421245,0.7533998186763372,1,0.21091908876669285,0.3055835517032856,1297.8366666666666
25005614101,1161.0,233600.0,63144.0,7.057036981697891,12.36136552993621,11.053173111388238,0.4731296101159115,0.23076923076923078,0.24236037934668073,0.5268703898840885,0.370790768066591,1,0.23755434020473987,0.06913476370775487,1224.4533333333331
25005615100,967.0,343900.0,93897.0,6.874198495453294,12.748106196420357,11.449953715804188,0.1553222302679218,0.1332367849384504,0.022085445329471397,0.834178131788559,0.10151347360649686,0,0.0380398890503236,0.03261014241980567,1802.6091666666664
25005617102,1059.0,341300.0,81798.0,6.9650803456014065,12.740517134894798,11.312008072414185,0.06351039260969978,0.06351039260969978,0.0,0.9330254041570438,0.11313639220615965,0,0.025886194029850745,0.043631245601688955,1788.9808333333333
25005630200,1188.0,378200.0,116836.0,7.080026499922591,12.843178435206495,11.668526521064573,0.07300325262016624,0.03614022406938923,0.03686302855077701,0.9212143115287315,0.09043151969981238,0,0.09956548727498449,0.08119180633147113,1982.3983333333333
25017336100,1092.0,536600.0,107083.0,6.9957661563048505,13.193008216973661,11.581359513678144,0.38739837398373983,0.1434959349593496,0.24390243902439024,0.6126016260162601,0.3281919451585261,0,0.05479694981379677,0.02898293029871977,2812.6783333333333
25017352600,1604.0,682900.0,72841.0,7.38025578842646,13.434103714949181,11.196034262467789,0.8552859618717504,0.4714038128249567,0.38388214904679374,0.14471403812824957,0.6843971631205674,1,0.20561106840891621,0.20522674865488086,3579.5341666666664
25003900300,953.0,136700.0,50188.0,6.859614903654202,11.825544022712041,10.82353123327959,0.43386243386243384,0.31368102796674224,0.12018140589569161,0.5661375661375662,0.28847771236333053,1,0.18420067390490452,0.11923377638780297,716.5358333333334
25013812500,991.0,233500.0,63516.0,6.898714534329988,12.360937356091089,11.059047121645987,0.3053792181757434,0.1643835616438356,0.1409956565319078,0.6588706982960241,0.2368238557558946,1,0.11085241236580003,0.08849441157133466,1223.9291666666666
25013812800,900.0,228000.0,65649.0,6.802394763324311,12.337100907936577,11.09207764732247,0.21109902067464636,0.1302140007254262,0.08088501994922016,0.6822633297062024,0.18829707426856715,0,0.05121333928837279,0.025606669644186394,1195.1
25005642100,1104.0,230100.0,54163.0,7.00669522683704,12.346269276023458,10.8997532974849,0.8890959925442684,0.16961789375582478,0.7194780987884436,0.11090400745573159,0.8096632503660323,1,0.1826286296484972,0.10366785532348446,1206.1074999999998
25005642300,1175.0,279900.0,93163.0,7.069023426578259,12.542187675503545,11.442105926141869,0.15849486887115166,0.14823261117445838,0.010262257696693273,0.8415051311288484,0.1529126213592233,0,0.043843283582089554,0.056088207094918505,1467.1425
25005644102,1194.0,291300.0,86087.0,7.085064293952548,12.582108942947526,11.363113691791947,0.20865533230293662,0.16692426584234932,0.04173106646058733,0.7913446676970634,0.14632829373650108,1,0.013001695873374788,0.05049934049368758,1526.8975
25005650102,848.0,229700.0,57708.0,6.742880635791903,12.34452938867719,10.963151091065663,0.46968283582089554,0.09328358208955224,0.3763992537313433,0.5144589552238806,0.3809753742153549,0,0.2014092777451556,0.24466627520062634,1204.0108333333333
25005650800,764.0,195200.0,34810.0,6.638567789166521,12.18177995296113,10.457659980805484,0.9258400926998841,0.7161066048667439,0.20973348783314022,0.07415990730011587,0.8486666666666667,1,0.3947005244272702,0.3185205630692796,1023.1733333333333
25005651200,1029.0,177300.0,40833.0,6.9363427358340495,12.0855984920623,10.617245857000183,0.9628482972136223,0.4840041279669763,0.478844169246646,0.03715170278637771,0.9009661835748792,1,0.523291249455812,0.3129973474801061,929.3475
25005651600,954.0,193800.0,55825.0,6.860663671448287,12.174581978438804,10.929977076708358,0.48211243611584326,0.47756956274843837,0.004542873367404884,0.5127768313458262,0.40350877192982454,1,0.37035163167214774,0.1292689096888439,1015.835
25021406101,1324.0,625000.0,142837.0,7.188412736496954,13.345506928718539,11.869459398967527,0.17828731867103417,0.0313523631258774,0.14693495554515676,0.8217126813289658,0.18109846610588817,0,0.03893951946975974,0.03951975987993997,3276.0416666666665
25021407100,1659.0,398100.0,106336.0,7.413970290190444,12.894458508988409,11.57435917115432,0.21374287523749208,0.08613046231792273,0.12761241291956935,0.7862571247625079,0.17459261722647157,0,0.06778834430626676,0.021065523576240048,2086.7075
25021410300,2163.0,396200.0,107598.0,7.679251425953058,12.889674413246588,11.586157339176479,0.2892023874118285,0.04557786218122626,0.24362452523060227,0.7107976125881714,0.2986939239068711,0,0.10254143646408839,0.024972375690607736,2076.7483333333334
25021421100,611.0,290500.0,70288.0,6.415096959171596,12.579358855274103,11.160356366215561,0.2591016548463357,0.07328605200945626,0.18581560283687942,0.7408983451536643,0.24174757281553397,0,0.15035281346119053,0.06513479283517279,1522.7041666666667
25021421200,1177.0,299900.0,70431.0,7.0707241072602764,12.6112043647371,11.162388786133619,0.13895114298520841,0.04885701479157328,0.09009412819363515,0.8242940385477364,0.14500484966052377,0,0.19949174078780177,0.06818596171376481,1571.9758333333332
25021442102,1161.0,368100.0,132150.0,7.057036981697891,12.816109919367113,11.791692920032435,0.21847181008902078,0.017804154302670624,0.20066765578635015,0.7815281899109793,0.12223071046600459,0,0.039821776663881925,0.026830631637786474,1929.4574999999998
25021443102,960.0,321400.0,101115.0,6.866933284461882,12.68044173228555,11.524013761955649,0.15361279646993933,0.11527854384997242,0.0383342526199669,0.8463872035300607,0.16153181687302046,0,0.038336229365768894,0.0422180903423384,1684.6716666666664
25021401000,1868.0,737000.0,117286.0,7.532623618788788,13.510343171171474,11.672370675429878,0.7037037037037037,0.4996220710506425,0.20408163265306123,0.2962962962962963,0.44251968503937006,1,0.16661725466943375,0.10330455492706163,3863.108333333333
25021406102,1198.0,667800.0,160633.0,7.088408778675395,13.411744006491691,11.986877538838842,0.07235955056179776,0.025168539325842697,0.04719101123595506,0.9276404494382022,0.08161350844277673,0,0.021599880828243705,0.02666468047072844,3500.3849999999998
25021422301,850.0,380700.0,110529.0,6.745236349484363,12.84976694237059,11.613033208946604,0.0881567230632235,0.07123775601068566,0.016918967052537846,0.9118432769367765,0.06635071090047394,0,0.06840916424653114,0.04889896373056995,1995.5024999999998
25021402300,2389.0,462700.0,119722.0,7.77863014732581,13.04483417489509,11.692927667473606,0.06729559748427673,0.00880503144654088,0.05849056603773585,0.9264150943396227,0.05363984674329502,0,0.08662111527441041,0.015302573614653373,2425.3191666666667
25021417300,1687.0,401500.0,93974.0,7.430707082545968,12.902962812368953,11.450773427247801,0.7821165817770233,0.07413695529145445,0.7079796264855688,0.2178834182229768,0.4283154121863799,0,0.07855917667238423,0.09042363830544678,2104.5291666666667
25021419800,1176.0,407600.0,80434.0,7.069874128458572,12.918041580330707,11.295192251348293,0.4434687156970362,0.19703622392974754,0.24643249176728868,0.5565312843029637,0.28612221587664194,1,0.03907514450867052,0.040345821325648415,2136.503333333333
25021417502,1339.0,400400.0,82300.0,7.199678345691172,12.900219326423203,11.318126386665162,0.6594274432379073,0.3696939782823297,0.2897334649555775,0.33316880552813427,0.552026286966046,1,0.04245383145828911,0.13500318403735936,2098.7633333333333
25021423100,1688.0,861800.0,132204.0,7.431299675155903,13.666778504163874,11.792101463128065,0.16858345021037868,0.06816269284712483,0.10042075736325386,0.8314165497896213,0.24783584482205837,0,0.01609657947686117,0.042850322272618764,4517.268333333333
25021404302,2317.0,826500.0,158485.0,7.748028524432376,13.624955196243215,11.973415230597112,0.1527777777777778,0.08991228070175439,0.06286549707602339,0.8472222222222222,0.16374269005847952,0,0.056156076983917745,0.012723335138061722,4332.2375
25027761100,767.0,219300.0,69851.0,6.642486801367256,12.29819593440598,11.1541196809749,0.313893653516295,0.2062607204116638,0.10763293310463122,0.6500857632933105,0.21496735308890005,1,0.013051823416506719,0.04318618042226487,1149.4975
25027733102,1154.0,205200.0,64063.0,7.050989447068045,12.231740392278752,11.067622253162455,0.4332281808622503,0.3512092534174553,0.08201892744479496,0.5667718191377498,0.3403755868544601,1,0.258412962193602,0.13210702341137123,1075.59
25027737100,1192.0,291400.0,81839.0,7.083387847625295,12.582452172743242,11.312509181587025,0.2657942238267148,0.18637184115523467,0.07942238267148015,0.7342057761732852,0.24245423057892132,1,0.025174529299767295,0.06917706790776391,1527.4216666666664
25027737200,942.0,250500.0,55444.0,6.848005274576363,12.431214199507057,10.923128781333244,0.6813186813186813,0.378021978021978,0.3032967032967033,0.2945054945054945,0.576878612716763,1,0.06884930187770823,0.1059053196681308,1313.0375
25027732203,1397.0,203100.0,55176.0,7.242082359256962,12.221453747568477,10.918283355111127,0.763768115942029,0.3630434782608696,0.4007246376811594,0.23623188405797102,0.5819344524380495,1,0.4379067951054413,0.23623110151187904,1064.5825
25027740102,1168.0,389500.0,108056.0,7.0630481633881725,12.87261914429294,11.5904048902406,0.07059874888293119,0.04244861483467382,0.028150134048257374,0.9294012511170688,0.05678670360110803,0,0.03033454671520194,0.011267117351360722,2041.6291666666666
25027749100,1284.0,318200.0,109500.0,7.157735484249907,12.670435394885823,11.603679828238693,0.11068029608741628,0.07719421924568205,0.03348607684173423,0.8854423686993302,0.07878787878787878,0,0.022307202039515615,0.0395900064061499,1667.8983333333333
25027753200,852.0,227800.0,60689.0,6.747586526829315,12.336223329995219,11.013517741515043,0.26624655376132333,0.22686096888538795,0.03938558487593541,0.7337534462386767,0.2615576842982091,1,0.021890547263681594,0.06469594594594595,1194.0516666666665
25027755200,948.0,270100.0,77480.0,6.854354502255021,12.506547539780707,11.257775117520932,0.17047970479704797,0.1099630996309963,0.06051660516605166,0.829520295202952,0.17906884202148826,0,0.025419605935295547,0.047078604455653636,1415.7741666666668
25007200300,1774.0,738000.0,64810.0,7.480992162869525,13.51169910358261,11.079215191421762,0.03155856727976767,0.029816069699903195,0.0017424975798644724,0.9684414327202323,0.2297780959198282,0,0.08221086855550395,0.03730642890661661,3868.35
25017351300,1305.0,779100.0,67107.0,7.173958319756794,13.56589468631895,11.114043639426223,0.9066339066339066,0.4909090909090909,0.41572481572481573,0.09336609336609336,0.7947122861586314,1,0.09995425434583714,0.15073193046660568,4083.7825
25017311600,1167.0,282700.0,66287.0,7.062191632286556,12.552141543681682,11.101749078516692,0.375,0.2940871369294606,0.08091286307053942,0.625,0.40582838640043173,1,0.08393782383419689,0.11951219512195121,1481.8191666666664
25017339300,1412.0,448200.0,72763.0,7.252762418053187,13.012994840348963,11.194962863227914,0.6072289156626506,0.3453815261044177,0.26184738955823295,0.3927710843373494,0.45567375886524825,1,0.3308214016578749,0.11628787878787879,2349.315
25017339600,1786.0,491400.0,81759.0,7.487733761436444,13.105013739069216,11.311531174442967,0.7709327548806941,0.6780911062906725,0.0928416485900217,0.21908893709327548,0.5896269335759782,1,0.12053811659192826,0.15398452959165318,2575.7549999999997
25017341400,1420.0,351600.0,69500.0,7.258412150595307,12.770249444793158,11.149082031552883,0.6635111876075731,0.4978485370051635,0.16566265060240964,0.33648881239242684,0.5892210144927537,1,0.19419642857142858,0.09079139019258779,1842.97
25017351100,1762.0,709900.0,102264.0,7.474204806496124,13.472879394027478,11.535312983847858,0.8193033381712627,0.40638606676342526,0.41291727140783746,0.1806966618287373,0.6490272373540856,1,0.15134956118562676,0.08085035152326749,3721.0591666666664
25017352200,823.0,514300.0,47132.0,6.71295620067707,13.150562031763007,10.76070745483323,0.9010327022375215,0.3373493975903614,0.5636833046471601,0.09896729776247848,0.696913002806361,1,0.22298850574712645,0.15517241379310345,2695.7891666666665
25017352400,1103.0,594300.0,65862.0,7.005789019253503,13.295139521354752,11.095316922915371,0.8751431844215349,0.1958762886597938,0.6792668957617412,0.12485681557846506,0.7493368700265252,1,0.5051594746716698,0.19606003752345216,3115.1225
25017315403,,367600.0,113636.0,7.563634904399927,12.814750669463669,11.640755636474994,0.08070175438596491,0.0,0.08070175438596491,0.9192982456140351,0.13157894736842105,0,0.02705749718151071,0.020293122886133032,1926.8366666666668
25017312200,1362.0,229000.0,64955.0,7.216709486709457,12.341477282536376,11.081450001429832,0.36228571428571427,0.164,0.1982857142857143,0.6251428571428571,0.3264936632468316,1,0.35394363119947564,0.19379506226786106,1200.3416666666665
25017315401,,304300.0,77679.0,7.3746535708213194,12.625769335885062,11.260340229555878,0.3265671641791045,0.031044776119402984,0.2955223880597015,0.6734328358208955,0.19579081632653061,0,0.024806201550387597,0.05189620758483034,1595.0391666666665
25017315402,,399100.0,121042.0,7.645851525973082,12.896967291036825,11.703892871789044,0.002707581227436823,0.002707581227436823,0.0,0.9972924187725631,0.02631578947368421,0,0.01530944625407166,0.04176182707993475,2091.9491666666668
25013813303,,411700.0,129375.0,7.676934442694254,12.928050207757996,11.77047044300177,0.14893617021276595,0.01004728132387707,0.1388888888888889,0.851063829787234,0.13664596273291926,0,0.06829046209879354,0.042370864079980954,2157.994166666667
25013813304,,345600.0,125104.0,7.501921550848295,12.753037315912037,11.736900670364296,0.0165892501658925,0.0,0.0165892501658925,0.9834107498341075,0.006101694915254237,0,0.02740722774678632,0.015037593984962405,1811.5199999999998
25013813701,817.0,254200.0,81929.0,6.705639094860003,12.445876637737491,11.313608297520057,0.16333333333333333,0.11333333333333333,0.05,0.8366666666666667,0.2223756906077348,0,0.020595602560534373,0.0384080155858614,1332.4316666666666
25013813702,951.0,236800.0,82930.0,6.85751406254539,12.374971181991988,11.32575215744525,0.11173974540311174,0.07496463932107496,0.036775106082036775,0.8411126826968411,0.12217194570135746,0,0.032004599463395934,0.06568338249754178,1241.2266666666667
25013813801,1089.0,207400.0,70764.0,6.9930151229329605,12.242404574777565,11.167105675788504,0.05285592497868713,0.03878942881500426,0.014066496163682864,0.9100596760443308,0.17007178354500277,0,0.04338487972508591,0.05679118980781689,1087.1216666666667
25013813802,1043.0,272600.0,84471.0,6.949856455000773,12.51576079824457,11.344163559174019,0.05146198830409357,0.01871345029239766,0.03274853801169591,0.8590643274853801,0.11530398322851153,0,0.062316127306766514,0.028848746292801295,1428.8783333333333
25015821903,952.0,336800.0,43836.0,6.858565034791365,12.72724456135031,10.688210676583283,0.8166299559471366,0.22081497797356828,0.5958149779735683,0.18337004405286345,0.7755102040816326,1,0.17656765676567657,0.22294843863471314,1765.3933333333332
25015821904,1268.0,339300.0,68092.0,7.145196134997171,12.734639950772321,11.12861501093446,0.8027162258756254,0.5289492494639028,0.27376697641172265,0.19728377412437456,0.6610711430855316,1,0.08285822881033827,0.13762528912875868,1778.4974999999997
25015822601,947.0,205400.0,59881.0,6.853299093186078,12.232714576476594,11.00011453846092,0.12283894449499545,0.08462238398544131,0.03821656050955414,0.8080072793448589,0.19004524886877827,0,0.034074074074074076,0.0874074074074074,1076.6383333333333
25015822603,1131.0,314100.0,89545.0,7.030857476116121,12.657466685526737,11.40249657120084,0.04193971166448231,0.03800786369593709,0.003931847968545216,0.944954128440367,0.0804093567251462,0,0.011506849315068493,0.03780821917808219,1646.4075
25015822605,1164.0,245100.0,74010.0,7.059617628291383,12.409421569516203,11.211955498191513,0.04574132492113565,0.028391167192429023,0.017350157728706624,0.9542586750788643,0.08285163776493257,0,0.02214022140221402,0.052553663952627686,1284.7324999999998
25015822606,1075.0,282100.0,79867.0,6.980075940561763,12.550016896990087,11.288118030169317,0.21883360085607276,0.18833600856072766,0.030497592295345103,0.7768860353130016,0.25270528325907066,1,0.03204764605785593,0.08706749858196257,1478.6741666666667
25001011801,1139.0,412100.0,68611.0,7.037905963447182,12.929021317326908,11.136208150713541,0.24019912881144992,0.0715619166148102,0.1686372121966397,0.7598008711885501,0.0787037037037037,0,0.004304778303917348,0.054670684459750325,2160.090833333333
25001011802,1587.0,351600.0,71417.0,7.369600720526409,12.770249444793158,11.176291215225598,0.03301476976542137,0.030408340573414423,0.0026064291920069507,0.9669852302345786,0.08101851851851852,0,0.02552260573650948,0.074623237724842,1842.97
25001012001,1404.0,334000.0,62891.0,7.247080584585756,12.718896271958837,11.049158348190272,0.14119054741250375,0.04277594974573736,0.09841459766676637,0.8588094525874963,0.17375601926163725,0,0.005492558469170801,0.06424833062624075,1750.7166666666665
25001012002,1073.0,330100.0,54206.0,6.9782137426306985,12.707150917841284,10.900546882407832,0.17032967032967034,0.07724628312863607,0.09308338720103426,0.8296703296703297,0.48401486988847586,0,0.037642045454545456,0.09511661807580175,1730.2741666666668
25001012101,1434.0,258900.0,64331.0,7.2682230211595655,12.464197165739629,11.071796909131109,0.08629111038749593,0.04233148811462065,0.04395962227287528,0.9137088896125041,0.15829257447754558,0,0.11924917188075083,0.05032377428307123,1357.0674999999999
25001012102,1281.0,320600.0,54455.0,7.155396301896734,12.67794951915759,10.905129951509787,0.19952913478516773,0.05562095350206003,0.1439081812831077,0.8004708652148322,0.3053596614950635,0,0.04819672131147541,0.10880999342537805,1680.4783333333332
25001012502,1153.0,293500.0,63021.0,7.050122520269059,12.589632918250288,11.05122328316379,0.3246515040352164,0.1896551724137931,0.13499633162142333,0.6724137931034483,0.5071614583333334,1,0.2649712879409352,0.15488976823063877,1538.4291666666666
25001012601,1392.0,285500.0,64034.0,7.238496840894365,12.561997308078203,11.067169471278484,0.13150074294205052,0.06092124814264487,0.07057949479940565,0.8684992570579495,0.2159934047815334,0,0.11329256517541036,0.0666010498687664,1496.4958333333334
25001012602,1220.0,237900.0,44388.0,7.106606137727303,12.37960569629105,10.700724441620455,0.23245984784446322,0.09636517328825021,0.13609467455621302,0.7675401521555367,0.43201641867624424,0,0.3151421983089931,0.16938616938616938,1246.9925
25001013002,1373.0,550800.0,82321.0,7.224753405767971,13.219127045836636,11.318381518150378,0.10813782991202346,0.08174486803519061,0.026392961876832845,0.8918621700879765,0.2149321266968326,0,0.08044382801664356,0.042649098474341195,2887.11
25005652400,854.0,208000.0,40980.0,6.74993119378857,12.245293358683455,10.62083942179289,0.8304140127388535,0.6799363057324841,0.15047770700636942,0.1695859872611465,0.6791111111111111,1,0.22955628896222954,0.13368185212845407,1090.2666666666667
25005653102,1288.0,375500.0,108139.0,7.160845906664299,12.836013750186327,11.591172715621186,0.06486486486486487,0.03310810810810811,0.03175675675675676,0.9243243243243243,0.06872852233676977,0,0.08797190517998243,0.049925642659868284,1968.2458333333334
25005610100,1291.0,321700.0,89660.0,7.1631723908466425,12.681374713227118,11.40378001770943,0.4539306846999155,0.1863905325443787,0.2675401521555368,0.5460693153000845,0.4278584392014519,1,0.09255930984902948,0.0301941049604601,1686.2441666666666
25005614000,860.0,263700.0,38269.0,6.756932389247553,12.482567372341379,10.552395447950312,0.7722473604826546,0.5017596782302665,0.2704876822523881,0.2277526395173454,0.7097130242825607,1,0.4424192212096106,0.3138807836598583,1382.2275
25005630300,871.0,371800.0,105774.0,6.769641976852503,12.82611135426948,11.569060021513799,0.24992,0.16064,0.08928,0.7456,0.23046225473894247,1,0.03255604370846007,0.0549735270924862,1948.8516666666665
25005631400,1063.0,252100.0,42557.0,6.968850378341948,12.43758111317601,10.658599632809274,0.8838203848895224,0.4476122594440485,0.436208125445474,0.11617961511047754,0.8236819360414867,1,0.21199442119944212,0.258222533240028,1321.4241666666667
25005641700,748.0,237600.0,58482.0,6.617402977974478,12.378343866470628,10.976474293565264,0.5391459074733096,0.46841637010676157,0.07072953736654804,0.4608540925266904,0.4075757575757576,1,0.07879146919431279,0.09702110053785684,1245.4199999999998
25005641900,762.0,198700.0,34286.0,6.635946555686647,12.199551428539909,10.442492386567427,0.9717987804878049,0.5015243902439024,0.47027439024390244,0.028201219512195123,0.7868525896414342,1,0.26241480038948395,0.2385589094449854,1041.5191666666667
25005651900,609.0,189000.0,27134.0,6.411818267709897,12.14950229404178,10.208542833045254,0.8651315789473685,0.48464912280701755,0.38048245614035087,0.13486842105263158,0.8143939393939394,1,0.35800344234079173,0.2857142857142857,990.6750000000001
25013812300,914.0,152100.0,32308.0,6.81783057145415,11.932293478247384,10.383070156562187,0.8136107498916342,0.5045513654096229,0.30905938448201126,0.18638925010836585,0.700180342651037,1,0.16153567547989858,0.2226913897558289,797.2575
25013813601,767.0,277400.0,90615.0,6.642486801367256,12.533215786862868,11.414375041240952,0.1397544853635505,0.06735914384639598,0.07239534151715454,0.8552093169656909,0.140625,0,0.0803484995159729,0.033583959899749376,1454.0383333333332
25013801101,705.0,107400.0,14018.0,6.558197802812269,11.584315461056901,9.54809749706027,0.9928457869634341,0.022257551669316374,0.9705882352941176,0.007154213036565978,0.978021978021978,0,0.8761394101876676,0.6026809651474531,562.955
25015820500,1371.0,344800.0,50326.0,7.223295679562314,12.750719817771675,10.826277121150113,0.5953321364452424,0.2707360861759425,0.32459605026929983,0.40466786355475765,0.5913891145410236,1,0.04,0.3349192863211555,1807.3266666666666
25015821601,1288.0,278900.0,52557.0,7.160845906664299,12.53860857361558,10.869653573903932,0.49055453991468617,0.15722120658135283,0.3333333333333333,0.5094454600853139,0.4613807245386193,1,0.09495077802476977,0.1885164288084965,1461.9008333333331
25015822200,1174.0,299400.0,80589.0,7.068172000388042,12.609535750967664,11.297117442754166,0.14910362920857018,0.12636641888937472,0.022737210319195452,0.8508963707914298,0.21425349571493008,0,0.12550476498142465,0.1363340916477088,1569.3549999999998
25015822401,913.0,287100.0,89362.0,6.816735880594968,12.567585866109155,11.400450814871316,0.07474226804123711,0.03350515463917526,0.041237113402061855,0.9252577319587629,0.11006289308176101,0,0.01666947297524836,0.04170888213441405,1504.8825
25015822500,1010.0,325400.0,93854.0,6.917705609835305,12.692810473767075,11.449495662310445,0.09432421396488362,0.02000816659861168,0.07431604736627195,0.9056757860351163,0.08760951188986232,0,0.0021172638436482085,0.03460094662967195,1705.6383333333333
25015822700,815.0,253500.0,64635.0,6.703188113240863,12.443119102013375,11.076511338718047,0.06520517144463181,0.05002810567734682,0.01517706576728499,0.9263631253513209,0.1281526925698705,0,0.022878932316491896,0.08065030283710552,1328.7625
25015820203,916.0,251100.0,86169.0,6.82001636467413,12.433606545145677,11.364065763199548,0.17875069715560513,0.11935303959843838,0.05939765755716676,0.7228109313998885,0.2,0,0.02208278025823579,0.0635634419056879,1316.1825
25015821000,890.0,237800.0,69787.0,6.7912214627261855,12.379185263238819,11.153203024986107,0.2026595744680851,0.11117021276595744,0.09148936170212765,0.7973404255319149,0.16120365394948952,0,0.06684919005247547,0.0755868544600939,1246.4683333333332
25015821200,1139.0,328000.0,117000.0,7.037905963447182,12.70076888736628,11.669929213779893,0.32608695652173914,0.25,0.07608695652173914,0.6739130434782609,0.32608695652173914,1,0.11690496215306981,0.057777777777777775,1719.2666666666667
25015820204,1194.0,296100.0,115232.0,7.085064293952548,12.598452514089683,11.654702766448601,0.08465156049593843,0.06412997007268063,0.020521590423257803,0.9153484395040615,0.15101123595505617,0,0.016467065868263474,0.03939028071234531,1552.0575
25017300100,1175.0,263300.0,101357.0,7.069023426578259,12.4810493454844,11.526404217082657,0.05037783375314862,0.04785894206549118,0.0025188916876574307,0.945424013434089,0.08738738738738738,0,0.03670295489891135,0.046497015394282123,1380.1308333333334
25017310500,1335.0,230200.0,48889.0,7.19668657083435,12.34670377526992,10.797307701282914,0.5982357658380112,0.5388933440256616,0.05934242181234964,0.39294306335204493,0.6269035532994924,1,0.18357105124141573,0.3296516567544605,1206.6316666666667
25017310602,1195.0,238500.0,67716.0,7.085901464365611,12.382124589310534,11.12307776775714,0.5690030474531999,0.29037875489769266,0.2786242925555072,0.43099695254680015,0.3825331971399387,1,0.1704435405771838,0.17749092375958048,1250.1375
25017310700,1101.0,167900.0,39096.0,7.00397413672268,12.031123843065632,10.57377543894999,0.7544871794871795,0.4256410256410256,0.32884615384615384,0.2455128205128205,0.701534170153417,1,0.25589361273423333,0.2784584539986634,880.0758333333333
25017311200,1042.0,240500.0,40417.0,6.948897222313312,12.390475368527953,10.60700576752029,0.7323580034423408,0.43201376936316693,0.3003442340791738,0.25989672977624784,0.7822349570200573,1,0.27580592640833607,0.22872165626026947,1260.6208333333332
25017314302,1297.0,396300.0,127813.0,7.167809184316444,12.889926779178527,11.758323537192046,0.039761431411530816,0.0,0.039761431411530816,0.9602385685884692,0.05046343975283213,0,0.026729559748427674,0.033839342188488296,2077.2725
25017316202,1641.0,385900.0,106532.0,7.403061091090091,12.863333547525711,11.57620068848327,0.08673139158576051,0.08090614886731391,0.005825242718446602,0.9132686084142395,0.09221311475409837,0,0.049898853674983146,0.03438975050573163,2022.7591666666667
25017316400,2197.0,372700.0,102986.0,7.69484807238461,12.82852908546735,11.542348335643398,0.03527168732125834,0.03527168732125834,0.0,0.9647283126787417,0.06686046511627906,0,0.11428169806016306,0.029280397022332507,1953.5691666666664
25017317202,1625.0,458100.0,133750.0,7.393263094763838,13.034842779874834,11.803727664758252,0.020967741935483872,0.004838709677419355,0.016129032258064516,0.9790322580645161,0.04596774193548387,0,0.014277389277389278,0.030011655011655012,2401.2075
25017322100,1736.0,386600.0,116188.0,7.459338895220296,12.865145845756368,11.662964847843458,0.0839355197331851,0.07059477487493052,0.013340744858254585,0.9160644802668149,0.09153713298791019,0,0.026507054296707994,0.02821718683197948,2026.4283333333333
25017323100,1453.0,487200.0,145967.0,7.2813856635702825,13.096429995377825,11.891135847745172,0.12022684310018904,0.03969754253308128,0.08052930056710775,0.879773156899811,0.11844660194174757,0,0.028458720766413075,0.03787985865724382,2553.74
25017333400,1467.0,398200.0,91756.0,7.2909747781429814,12.894709670612233,11.426888158874018,0.35604311008468054,0.13202463433410316,0.22401847575057737,0.6308698999230177,0.3203481143804393,0,0.0847962901623054,0.09523020867837032,2087.2316666666666
25017334100,1677.0,587500.0,133095.0,7.424761761823209,13.283631525000452,11.798818437937548,0.16847119965352966,0.039411000433087914,0.12906019922044176,0.8315288003464704,0.10429447852760736,0,0.07773689052437903,0.04949277589917,3079.4791666666665
25017367100,,1096000.0,207361.0,8.656061981426355,13.907177746490097,12.242216514665282,0.052521008403361345,0.00980392156862745,0.042717086834733894,0.9411764705882353,0.10190114068441064,0,0.04431247144814984,0.04810126582278481,5744.866666666666
25017334300,962.0,590600.0,142113.0,6.8690144506657065,13.288894248291959,11.864377794770517,0.05914610262436349,0.012142577359968664,0.04700352526439483,0.9408538973756365,0.09028617492946392,0,0.01188323430638078,0.019397116644823065,3095.728333333333
25017337102,1621.0,512300.0,100067.0,7.390798521735676,13.146665669927293,11.513595240620432,0.3112614789753504,0.1362977283711938,0.1749637506041566,0.6887385210246496,0.2580956984050266,0,0.02506498329001114,0.06840329835082459,2685.3058333333333
25017358700,2488.0,852600.0,184013.0,7.81923445385907,13.656045783313248,12.122761686269289,0.05047821466524974,0.0281615302869288,0.022316684378320937,0.9495217853347503,0.10270270270270271,0,0.023622047244094488,0.020078814036404578,4469.045
25017368200,1870.0,508400.0,112750.0,7.533693709848633,13.139023818297437,11.632928257364926,0.3860232945091514,0.21408763172490294,0.1719356627842485,0.6139767054908486,0.34856473345049793,1,0.12159038372630605,0.037989344452165855,2664.8633333333332
25017368901,1629.0,539000.0,80313.0,7.395721608602045,13.197470849891134,11.29368677973323,0.4167424931756142,0.07279344858962693,0.34394904458598724,0.5686988171064604,0.256902199344876,0,0.19312829038514823,0.06292037318290301,2825.258333333333
25017370300,1689.0,475800.0,84107.0,7.4318919168078,13.072752876850995,11.339845076742208,0.8336100963135171,0.4775821986051146,0.35602789770840254,0.1663899036864829,0.5579302587176603,1,0.1273453787352328,0.07557331480194579,2493.985
25017374100,1942.0,634500.0,116094.0,7.571473648851271,13.36059256613658,11.662155486763984,0.4386308068459658,0.17946210268948656,0.2591687041564792,0.5613691931540342,0.3456533055700156,1,0.10974627466774063,0.02622950819672131,3325.8374999999996
25017382400,1076.0,559100.0,114207.0,6.98100574072173,13.234083627014737,11.645767870297504,0.32468780019212296,0.1440922190201729,0.18059558117195004,0.6714697406340058,0.2640117994100295,0,0.05060379528464635,0.02491853555683343,2930.6158333333333
25017383901,341.0,384900.0,111412.0,5.831882477283517,12.860738839271837,11.620990320602132,0.14289985052316892,0.016442451420029897,0.12645739910313902,0.8445440956651719,0.14411141386618226,0,0.064208984375,0.03448702101359703,2017.5175
25017383902,1401.0,490900.0,153731.0,7.244941546337007,13.103995720046143,11.942959600796696,0.036214389183969097,0.017382906808305166,0.01883148237566393,0.9604056011588604,0.03735487127713276,0,0.0807614119386435,0.011115227862171175,2573.1341666666667
25017333600,1703.0,398300.0,88087.0,7.440146680662688,12.894960769169735,11.38608024144491,0.5366205305651672,0.08967704728950404,0.4469434832756632,0.46337946943483277,0.5815336463223787,0,0.17287577858737807,0.07540056550424128,2087.755833333333
25017336200,1652.0,615300.0,131741.0,7.409741954080923,13.329865232728581,11.788593152874848,0.19360730593607306,0.1091324200913242,0.08447488584474885,0.7958904109589041,0.1279847182425979,0,0.01928832723644829,0.05880359261142179,3225.1974999999998
25017337101,450.0,488700.0,87353.0,6.1092475827643655,13.099504083258246,11.377712659563167,0.33910891089108913,0.21699669966996699,0.12211221122112212,0.6542904290429042,0.39026402640264024,1,0.06536618754277893,0.10629514963880289,2561.6025
25017339200,1786.0,537100.0,139516.0,7.487733761436444,13.19393957589355,11.845934569007051,0.2640909090909091,0.2081818181818182,0.05590909090909091,0.735909090909091,0.1308411214953271,1,0.06690897075830167,0.02828759050345176,2815.299166666666
25023511701,1222.0,263300.0,83068.0,7.108244139731541,12.4810493454844,11.327414828462869,0.05848696757787667,0.05848696757787667,0.0,0.9415130324221234,0.12021857923497267,0,0.3579308654081883,0.04096742349457058,1380.1308333333334
25023504101,436.0,559100.0,126000.0,6.077642243349034,13.234083627014737,11.744037185933616,0.10568696527428284,0.04730749874182184,0.058379466532461,0.8822345244086562,0.10984455958549223,0,0.011121076233183856,0.036404160475482915,2930.6158333333333
25023504102,,661100.0,160208.0,8.150544628257927,13.40166039332167,11.984228249947584,0.005933117583603021,0.005933117583603021,0.0,0.994066882416397,0.02408256880733945,0,0.021988174427198817,0.029194382852919438,3465.265833333333
25017373200,1642.0,648900.0,85833.0,7.403670290012373,13.38303390060926,11.360158826915132,0.616530514175877,0.4997597308986064,0.11677078327727054,0.383469485824123,0.5412748171368861,1,0.1202061855670103,0.04857379082265399,3401.3174999999997
25017374300,2253.0,1162400.0,232875.0,7.720017940432244,13.96599739123821,12.35825710790389,0.09757942511346444,0.0113464447806354,0.08623298033282904,0.9024205748865356,0.14405487804878048,0,0.04592959295929593,0.021727172717271728,6092.913333333333
25017387201,1204.0,411000.0,117009.0,7.093404625868766,12.926348493478372,11.670006133898388,0.16036036036036036,0.08693693693693694,0.07342342342342342,0.8396396396396396,0.15398801290917474,0,0.06152849740932642,0.011544715447154472,2154.325
25013802300,983.0,143400.0,30213.0,6.890609120147166,11.873393207147657,10.316027574316255,0.7739463601532567,0.6800766283524904,0.09386973180076628,0.2260536398467433,0.7388345384942577,1,0.7317243303571429,0.4037388392857143,751.6549999999999
25027739400,1466.0,410300.0,118633.0,7.290292882446597,12.924643878430278,11.6837899730482,0.28950506857483604,0.0381633870005963,0.2513416815742397,0.710494931425164,0.27464114832535885,0,0.08489289740698985,0.021751574127074985,2150.6558333333332
25027706100,1267.0,263100.0,95530.0,7.144407180321139,12.480289467028385,11.467195613264055,0.10517799352750809,0.08198489751887811,0.02319309600862999,0.8948220064724919,0.09930715935334873,0,0.06678155967255493,0.02908229211546747,1379.0824999999998
25027710300,1169.0,209900.0,68063.0,7.063903961472068,12.254386505808725,11.128189025837498,0.25992217898832687,0.2544747081712062,0.005447470817120622,0.7400778210116732,0.24524886877828053,1,0.18687032824179395,0.07906976744186046,1100.2258333333332
25027709100,818.0,290100.0,71102.0,6.706862336602747,12.577980970109495,11.171870744790926,0.30474452554744524,0.20316301703163017,0.10158150851581509,0.6952554744525548,0.29898862199747156,1,0.15178997613365156,0.1005973715651135,1520.6075
25027709202,1008.0,186200.0,43750.0,6.915723448631314,12.134576643825104,10.68624689178576,0.6014538558786346,0.26485461441213654,0.3365992414664981,0.3511378002528445,0.43538565629228687,1,0.28521281263712156,0.15875109938434476,975.9983333333333
25027709702,825.0,243600.0,62279.0,6.715383386334681,12.40328281481788,11.039379569300081,0.5506329113924051,0.33905967450271246,0.2115732368896926,0.44936708860759494,0.4798076923076923,1,0.19497562804649418,0.13310836145481814,1276.87
25027716200,1004.0,226600.0,54700.0,6.911747300251674,12.330941627576044,10.909618988410072,0.5538585209003215,0.41318327974276525,0.14067524115755628,0.42363344051446944,0.5625,1,0.22777147181233448,0.10552380952380952,1187.7616666666665
25027716300,1095.0,243200.0,54627.0,6.9985096422506015,12.40163942907415,10.908283544999954,0.7974985110184634,0.40857653365098273,0.38892197736748063,0.20250148898153664,0.6868023637557452,1,0.33323814962878356,0.12307252998286693,1274.7733333333333
25027726200,862.0,222000.0,56346.0,6.759255270663693,12.310432660854417,10.939266532032669,0.5866482186094777,0.41404358353510895,0.17260463507436874,0.4071255620892425,0.511336032388664,1,0.06538124452234882,0.16248904469763364,1163.6499999999999
25027728100,1675.0,378100.0,108750.0,7.423568444259167,12.842913989879024,11.596806948950931,0.11665699361578642,0.04468949506674405,0.07196749854904237,0.8833430063842136,0.09134615384615384,0,0.06459838504037399,0.07164179104477612,1981.8741666666665
25027729200,941.0,245300.0,77150.0,6.846943139585379,12.410237230246581,11.253506857791306,0.22853957636566333,0.1516164994425864,0.07692307692307693,0.7714604236343366,0.247953216374269,1,0.07916666666666666,0.11348837209302326,1285.7808333333332
25027730100,1091.0,225800.0,80648.0,6.994849985833071,12.327404930697698,11.297849284733777,0.2009400705052879,0.07755581668625147,0.12338425381903642,0.799059929494712,0.21596806387225548,0,0.22836422240128929,0.08107235142118863,1183.5683333333334
25027730700,1558.0,222300.0,65769.0,7.351158226430694,12.311783099952288,11.093903881679275,0.20311958405545927,0.05961871750433276,0.1435008665511265,0.7968804159445407,0.25181159420289856,0,0.1489801950931126,0.06463304137722742,1165.2225
25027744200,1073.0,278300.0,82569.0,6.9782137426306985,12.536454947513983,11.321389586401962,0.24920534011443102,0.14907819453274,0.10012714558169103,0.7507946598855689,0.29924502402196296,0,0.10444227823422922,0.08258833546189868,1458.7558333333334
25027709701,1025.0,224800.0,53347.0,6.932447891572509,12.322966397001673,10.884573022721431,0.4984189723320158,0.13201581027667983,0.36640316205533596,0.5015810276679842,0.57625,0,0.29801579657098826,0.19830307813733228,1178.3266666666666
25027735100,890.0,257100.0,74681.0,6.7912214627261855,12.45722039325398,11.220980988031995,0.19082498072474943,0.0566692367000771,0.1341557440246723,0.8091750192752506,0.2643312101910828,0,0.04925306907262239,0.08047596680757789,1347.6325
25027754300,902.0,168600.0,36560.0,6.804614520062624,12.035284324549892,10.506710025568086,0.8540471637985978,0.6035691523263225,0.25047801147227533,0.14595283620140218,0.8187549251379038,1,0.21112476951444376,0.12247474747474747,883.7449999999999
25027730802,1102.0,265600.0,79797.0,7.004881989712859,12.489746696584415,11.287241188746266,0.4598108747044917,0.4231678486997636,0.03664302600472813,0.5401891252955082,0.40404040404040403,1,0.17258382642998027,0.20030349013657056,1392.1866666666665
25027717100,1101.0,401100.0,104063.0,7.00397413672268,12.901966051758144,11.552751763950162,0.13680781758957655,0.11889250814332247,0.017915309446254073,0.8583061889250815,0.14844444444444443,0,0.012404580152671756,0.0420410783055199,2102.4325
25027732600,1088.0,161900.0,43735.0,6.992096427415888,11.994734139665727,10.685903975853956,0.9604010025062657,0.7528822055137845,0.2075187969924812,0.03007518796992481,0.8259198242723779,1,0.5138701858335578,0.22167216721672167,848.6258333333334
25027724100,1275.0,242400.0,72931.0,7.150701457592526,12.398344533177296,11.19726906766269,0.18583535108958837,0.0671912832929782,0.11864406779661017,0.7972154963680388,0.3255208333333333,0,0.015099337748344372,0.04907125034654838,1270.58
25027730401,925.0,227000.0,40694.0,6.829793737512425,12.332705296463539,10.613835940415848,0.5761511216056671,0.09799291617473435,0.4781582054309327,0.42384887839433294,0.6993684210526315,0,0.4200626959247649,0.28738317757009346,1189.8583333333333
25027732002,1501.0,202900.0,64733.0,7.313886831633462,12.220468525813907,11.078026396827408,0.5466351829988194,0.12219598583234947,0.4244391971664699,0.45336481700118064,0.5575980392156863,0,0.18360949395432155,0.0737516005121639,1063.5341666666666
25027744101,1455.0,331100.0,94807.0,7.282761179605593,12.710175723535338,11.459598525179548,0.29754500818330604,0.02225859247135843,0.2752864157119476,0.6972176759410802,0.19953596287703015,0,0.06244296701864164,0.06583235562508148,1735.5158333333331
25027759100,1030.0,247700.0,84444.0,6.937314081223682,12.419973615477451,11.34384387175455,0.11578947368421053,0.1031578947368421,0.01263157894736842,0.8726315789473684,0.17153284671532848,0,0.026864289022695692,0.06748466257668712,1298.3608333333334
25027707200,1038.0,157500.0,34349.0,6.945051063725834,11.967180737247824,10.444328185145217,0.7899322362052275,0.29138431752178123,0.4985479186834463,0.21006776379477252,0.8039430449069004,1,0.10920666013712046,0.252212389380531,825.5625
25027730402,1000.0,224100.0,52803.0,6.907755278982137,12.31984765978902,10.87432328626208,0.642346208869814,0.5793991416309013,0.06294706723891273,0.35765379113018597,0.5281899109792285,1,0.35657686212361334,0.19560557341907825,1174.6575
25027739100,1438.0,449200.0,113750.0,7.271008538280992,13.015223501846425,11.641758336813197,0.29257528556593976,0.06723779854620976,0.22533748701973,0.6853582554517134,0.24903760734379626,0,0.07951310493766565,0.056051830764700106,2354.556666666667
25015821400,1174.0,329900.0,64276.0,7.068172000388042,12.706544857216672,11.070941590161643,0.208130081300813,0.1008130081300813,0.1073170731707317,0.7869918699186992,0.21528662420382166,0,0.10376647834274953,0.05772200772200772,1729.2258333333332
25015820900,809.0,253900.0,95987.0,6.695798917058491,12.44469576769277,11.471968044613641,0.1454331634653077,0.06938455507644062,0.07604860838886711,0.8545668365346922,0.1552346570397112,0,0.057160903205431865,0.03803309993634628,1330.8591666666666
25015821700,969.0,289400.0,73125.0,6.876264611890766,12.57556509317952,11.199925584534158,0.26875852660300137,0.18622100954979537,0.082537517053206,0.7312414733969986,0.2356733524355301,1,0.0555247084952804,0.17090691409757558,1516.9383333333333
25015821901,1349.0,475400.0,76786.0,7.207118856207756,13.071911833908231,11.24877761085195,0.5215311004784688,0.3520164046479836,0.1695146958304853,0.4784688995215311,0.5050215208034433,1,0.09424218951717016,0.10685663401602849,2491.8883333333333
25015820202,1489.0,326500.0,93958.0,7.305860032684009,12.696185227698622,11.450603152892837,0.10333333333333333,0.10166666666666667,0.0016666666666666668,0.8716666666666667,0.21455223880597016,0,0.07274119448698316,0.045941807044410414,1711.4041666666665
25001015002,1372.0,343600.0,57117.0,7.22402480828583,12.747233469092237,10.952857074625786,0.13922036595067622,0.10461416070007955,0.034606205250596656,0.822593476531424,0.1571072319201995,0,0.06801909307875895,0.05656324582338902,1801.0366666666666
25001015300,1095.0,239900.0,34222.0,6.9985096422506015,12.387977448827787,10.440623991091917,0.6939300411522634,0.2463991769547325,0.44753086419753085,0.30606995884773663,0.7339390006489293,1,0.18944844124700239,0.2541966426858513,1257.4758333333332
25001990000,,,,,,,,,,,,0,,,
25003935200,749.0,175600.0,62500.0,6.618738983517219,12.075963960183154,11.042921835724492,0.23358307624504188,0.20758043190832967,0.02600264433671221,0.7664169237549582,0.17954759660697456,1,0.07112803045481868,0.1031507124222356,920.4366666666666
25005600203,1288.0,447300.0,134325.0,7.160845906664299,13.01098478942094,11.808017515597022,0.01791044776119403,0.011442786069651741,0.006467661691542288,0.982089552238806,0.062210796915167094,0,0.07856898322492298,0.05186579938377268,2344.5975
25005600204,1815.0,414000.0,116078.0,7.503840746698951,12.933621252807452,11.662017657912742,0.18582791033984092,0.08676789587852494,0.09906001446131597,0.8141720896601591,0.15144596651445966,0,0.06521739130434782,0.026823765354725495,2170.0499999999997
25005610203,1138.0,419400.0,133910.0,7.037027614686276,12.946580397449956,11.804923211489612,0.17097581317764804,0.041701417848206836,0.1292743953294412,0.8290241868223519,0.14518201284796575,0,0.07003494467093768,0.021596381146942945,2198.355
25025060400,2040.0,575100.0,123967.0,7.620705086838262,13.262299217701846,11.7277706801363,0.8639609169485156,0.6666666666666666,0.19729425028184894,0.1360390830514844,0.49896907216494846,1,0.03503804636347549,0.11176892716182275,3014.4825
25025060700,440.0,,19189.0,6.0867747269123065,,9.862092477169742,0.7951167728237792,0.24522292993630573,0.5498938428874734,0.20488322717622082,1.0,1,0.7896749521988528,0.48336520076481837,
25025081500,832.0,381100.0,34194.0,6.723832440821209,12.850817086861952,10.439805469063055,0.7123015873015873,0.4871031746031746,0.2251984126984127,0.2876984126984127,0.6785714285714286,1,0.8616207951070336,0.4114906832298137,1997.5991666666666
25005654100,833.0,311100.0,84478.0,6.725033642166843,12.647869682885728,11.344246424417426,0.07313487688349872,0.04924660051451672,0.02388827636898199,0.8669606762219773,0.10881226053639846,0,0.01772798184654659,0.027785693929894557,1630.6825
25005655200,903.0,256200.0,53240.0,6.805722553416985,12.45371366844477,10.882565272509048,0.44616876818622697,0.2434529582929195,0.20271580989330748,0.553831231813773,0.3127182044887781,1,0.047115384615384615,0.08438485804416404,1342.915
25005644101,1152.0,263400.0,75958.0,7.049254841255837,12.481429068291318,11.237935834932408,0.16585365853658537,0.16585365853658537,0.0,0.8341463414634146,0.19248244527054936,1,0.0001631321370309951,0.029517874713020663,1380.655
25005650900,574.0,208900.0,29482.0,6.352629396319567,12.249610947544657,10.291535186607224,0.7958477508650519,0.4930795847750865,0.3027681660899654,0.2041522491349481,0.855251544571933,1,0.5600133734536944,0.29722500835840854,1094.9841666666666
25005612200,1448.0,335300.0,98636.0,7.277938572945661,12.72278093245432,11.499191585515586,0.25007048209754723,0.03354947843247815,0.21652100366506907,0.6588666478714407,0.19524082568807338,0,0.03260637160573017,0.03558602677113941,1757.5308333333332
25005640600,761.0,226800.0,43971.0,6.634633357861686,12.331823850835734,10.69128560469541,0.8086876155268022,0.7153419593345656,0.0933456561922366,0.1913123844731978,0.5983651226158038,1,0.2212551534585433,0.15264142122487143,1188.81
25005650101,967.0,235800.0,75451.0,6.874198495453294,12.370739267085408,11.231238717918634,0.16389658356417358,0.09464450600184672,0.06925207756232687,0.8116343490304709,0.17585050311451844,0,0.07689550098583976,0.05734347571679345,1235.985
25005632100,1428.0,328300.0,89574.0,7.2640301428995295,12.701683103489684,11.402820378281644,0.020848310567936738,0.020848310567936738,0.0,0.9647735442127966,0.060038240917782024,0,0.026358178357006882,0.027348919276576972,1720.8391666666666
25005646101,1045.0,299500.0,69067.0,6.951772164398911,12.609869696537642,11.142832326942536,0.16284907436460622,0.12425478506432382,0.0385942893002824,0.8167555695010982,0.18602394047233906,0,0.022322614934892373,0.05758880516684607,1569.8791666666666
25013801502,662.0,137800.0,31250.0,6.495265555937008,11.833558637561696,10.349774655164548,0.36615384615384616,0.25,0.11615384615384615,0.6338461538461538,0.4832104832104832,1,0.7451776649746192,0.22935153583617748,722.3016666666666
25013801603,1065.0,163600.0,58528.0,6.970730078143525,12.005179703150784,10.977260551190593,0.25818989450305385,0.08883953359244864,0.1693503609106052,0.7418101054969461,0.19667260843731432,0,0.30787781350482313,0.0897642015005359,857.5366666666667
25013801604,1673.0,185000.0,71875.0,7.422373700986824,12.128111104060462,11.182683778099651,0.0,0.0,0.0,1.0,0.05217965653896962,0,0.2665130568356375,0.0419082762256194,969.7083333333334
25013802602,1275.0,161400.0,67500.0,7.150701457592526,11.991641034817986,11.119882876860622,0.3231083844580777,0.10429447852760736,0.21881390593047034,0.6768916155419223,0.2619047619047619,0,0.15165394402035623,0.11752682677567705,846.005
25013811101,928.0,160500.0,32500.0,6.833031732786201,11.986049221552207,10.388995368317829,0.7290448343079922,0.44298245614035087,0.28606237816764135,0.2709551656920078,0.6661307609860665,1,0.46832897647295396,0.29491454772822007,841.2874999999999
25013811301,1007.0,200400.0,55185.0,6.914730892718563,12.208070648192846,10.918446456206985,0.41394080996884736,0.1261682242990654,0.2877725856697819,0.5860591900311527,0.4179719703215169,0,0.1687940880080618,0.07154853879744709,1050.43
25013811400,580.0,172500.0,16544.0,6.363028103540465,12.058152515453552,9.713778777308155,0.9343283582089552,0.2835820895522388,0.6507462686567164,0.06567164179104477,0.9541577825159915,1,0.9798498617147372,0.5432635322007112,904.1875
25013800300,1120.0,135100.0,47733.0,7.02108396428914,11.81377052394829,10.773378261575965,0.23652537938252224,0.17320774463631605,0.06331763474620618,0.7634746206174777,0.31501182033096925,1,0.6166862514688601,0.0792009400705053,708.1491666666666
25027730500,1094.0,178600.0,41089.0,6.9975959829819265,12.092903947424535,10.6234957247597,0.7008547008547008,0.43304843304843305,0.2678062678062678,0.2951566951566952,0.6887417218543046,1,0.3835655388114871,0.29482758620689653,936.1616666666665
25027731800,817.0,165400.0,20030.0,6.705639094860003,12.016122061571728,9.904986428659864,0.8962415676196595,0.42627690330870543,0.46996466431095407,0.1037584323803405,0.844625753813409,1,0.5100737797956867,0.39742120343839543,866.9716666666667
25027732500,1015.0,234400.0,29015.0,6.922643891475888,12.364784336684995,10.275568216624709,0.9640971488912354,0.5681098204857444,0.395987328405491,0.03590285110876452,0.9156171284634761,1,0.4132564841498559,0.41037463976945243,1228.6466666666668
25027735200,1028.0,227100.0,95167.0,6.93537044601511,12.33314572809365,11.463388522030929,0.2564991334488735,0.18139803581744657,0.07510109763142692,0.7261698440207972,0.27610966057441255,1,0.10033149171270718,0.03993682310469314,1190.3825
25027742300,1130.0,378700.0,81771.0,7.029972911706386,12.844499613889885,11.31167793650524,0.5036051026067665,0.1985579589572934,0.3050471436494731,0.4963948973932335,0.47534165181224003,1,0.0677370797792273,0.06763410209898937,1985.0191666666667
25027744300,1034.0,257500.0,56574.0,6.9411900550683745,12.458774999085929,10.943304794693733,0.6298663567693201,0.49680418361417783,0.13306217315514235,0.3701336432306798,0.7014833127317676,1,0.3375430539609644,0.13754305396096442,1349.7291666666667
25027744400,1133.0,281400.0,71758.0,7.0326242610280065,12.547532423662426,11.181054625664238,0.3513677811550152,0.26443768996960487,0.08693009118541034,0.6486322188449848,0.3601246105919003,1,0.1784971098265896,0.12647398843930635,1475.0049999999999
25023510300,1143.0,229700.0,50762.0,7.04141166379481,12.34452938867719,10.834903322155352,0.7835468644639245,0.50708024275118,0.27646662171274444,0.21645313553607554,0.7417218543046358,1,0.7060223756248513,0.19257319685789098,1204.0108333333333
25023510502,696.0,173300.0,30553.0,6.54534966033442,12.062779475703698,10.327218159451137,0.7649082568807339,0.1930428134556575,0.5718654434250765,0.23509174311926606,0.6420323325635104,1,0.6258606213266162,0.2368951612903226,908.3808333333333
25023510503,1190.0,295900.0,46690.0,7.081708586105575,12.5977768383883,10.751285287964983,0.6812749003984063,0.09277177006260671,0.5885031303357997,0.3187250996015936,0.6816816816816816,0,0.5213920163766632,0.22089746368957294,1551.0091666666667
25023530500,1303.0,374600.0,60290.0,7.172424577124845,12.833614068992125,11.006921531483451,0.41361464968152867,0.18113057324840764,0.23248407643312102,0.5863853503184714,0.4016354016354016,1,0.024693721286370596,0.07905138339920949,1963.5283333333334
25023543100,1281.0,372100.0,98359.0,7.155396301896734,12.826917914334715,11.496379329544002,0.038425492033739454,0.00937207122774133,0.029053420805998126,0.9512652296157451,0.13738959764474976,0,0.0366723259762309,0.04284257055423325,1950.4241666666667
25023502102,1009.0,299400.0,86000.0,6.9167150203536085,12.609535750967664,11.362102575235644,0.2883002207505519,0.106401766004415,0.18189845474613686,0.6644591611479028,0.26785714285714285,0,0.10887988209285188,0.0996683861459101,1569.3549999999998
25023506203,1006.0,371300.0,97604.0,6.913737350659685,12.824765640165172,11.488673755167936,0.16279069767441862,0.0392156862745098,0.1235750113999088,0.8372093023255814,0.2402977139819245,0,0.005486189935679153,0.07642830117290957,1946.2308333333333
25023508200,,403900.0,106337.0,7.657806836487762,12.908922601551504,11.574368575262977,0.08194444444444444,0.03611111111111111,0.04583333333333333,0.9009259259259259,0.07967939651107968,0,0.010691823899371069,0.03634065413177437,2117.1091666666666
25023510100,1329.0,230900.0,79688.0,7.192182058713246,12.349739995342587,11.285874288825001,0.046699875466998754,0.0410958904109589,0.00560398505603985,0.9476961394769614,0.06198608475648324,0,0.3634627625716104,0.042435815828559306,1210.3008333333332
25023510501,1097.0,232500.0,54493.0,7.00033446027523,12.356645504009547,10.905827532035193,0.4559068219633943,0.2504159733777038,0.20549084858569053,0.5440931780366056,0.422365988909427,1,0.45503176195252426,0.07145334720776969,1218.6875
25023510700,1244.0,285700.0,53611.0,7.126087273299125,12.562697588218864,10.88950954988395,0.5014763779527559,0.4045275590551181,0.09694881889763779,0.4911417322834646,0.36465781409601633,1,0.5996388706500329,0.1211424819435325,1497.5441666666666
25023511200,535.0,235100.0,48816.0,6.282266746896006,12.36776623452816,10.795813406956452,0.4443200895355344,0.2059317291550084,0.23838836038052602,0.5556799104644656,0.4982394366197183,1,0.4951263178834295,0.1466721446179129,1232.3158333333333
25017359300,1861.0,637700.0,134602.0,7.528869256642251,13.365623232303363,11.810077554923383,0.1376374600922313,0.08158921603405463,0.056048244058176655,0.8623625399077687,0.20390136179609863,0,0.050119331742243436,0.0333198978906355,3342.6108333333336
25017361100,1915.0,778700.0,144825.0,7.557472901614746,13.565381141565078,11.883281395964826,0.3004769475357711,0.08147853736089031,0.21899841017488075,0.699523052464229,0.15670289855072464,0,0.05238426731639401,0.029641753046008364,4081.685833333333
25009268400,1433.0,619000.0,110510.0,7.267525427828172,13.335860551666734,11.612861293582828,0.3427738442315702,0.23240316534777175,0.11037067888379842,0.6351520199916701,0.2554194156456173,1,0.006388318503308237,0.0212667591308368,3244.5916666666667
25009270100,1261.0,436900.0,114063.0,7.13966033596492,12.987459614939528,11.644506206310984,0.13244749249892843,0.008572653236176597,0.12387483926275182,0.8675525075010716,0.1423963133640553,0,0.019530009526833914,0.04282724199001771,2290.0841666666665
25009254301,1036.0,696700.0,181130.0,6.943122422819428,13.45411018101821,12.106970284486962,0.05500381970970206,0.013750954927425516,0.04125286478227655,0.944996180290298,0.11162432640492687,0,0.08877407233442931,0.0527353376047314,3651.869166666667
25009260401,1165.0,286500.0,77199.0,7.060476365999801,12.56549381513693,11.254141782561096,0.3121529919802591,0.04688463911165947,0.2652683528685996,0.6773596545342381,0.1576323987538941,0,0.13397384574326127,0.02276379217996786,1501.7375
25009205400,1832.0,372100.0,108700.0,7.513163545234075,12.826917914334715,11.596347073109301,0.10492753623188406,0.010434782608695653,0.0944927536231884,0.8950724637681159,0.11363636363636363,0,0.07889672867222579,0.021381227282446014,1950.4241666666667
25009207200,590.0,263600.0,36339.0,6.380122536899765,12.48218808161049,10.500646823684912,0.8011363636363636,0.2755681818181818,0.5255681818181818,0.19886363636363635,0.7232401157184185,1,0.5978581979320532,0.19029988893002592,1381.7033333333331
25009210200,,427900.0,105885.0,7.715529037341166,12.966644802404907,11.570108878497683,0.053670886075949366,0.0379746835443038,0.01569620253164557,0.9088607594936708,0.05689390056381343,0,0.033188761078634735,0.06557377049180328,2242.909166666667
25009211100,1431.0,406300.0,82070.0,7.266128779556451,12.914847081975818,11.315327820623757,0.34683855125844076,0.14671577655003068,0.20012277470841006,0.6414978514426029,0.30953885028427036,0,0.06544064962980654,0.07559614408929477,2129.6891666666666
25009218100,1183.0,815700.0,124025.0,7.075808863978387,13.611801919288672,11.72823843716925,0.27312201476335213,0.17238384715588362,0.10073816760746852,0.7268779852366478,0.26158301158301156,1,0.01638733705772812,0.038748137108792845,4275.6275
25009216100,,579900.0,109712.0,8.01949518880079,13.270610953864532,11.605614029524146,0.17895490336435219,0.07229778095919828,0.1066571224051539,0.816034359341446,0.08589835361488905,0,0.0727726574500768,0.016921397379912665,3039.6425
25009217201,1397.0,360400.0,77725.0,7.242082359256962,12.79496980471632,11.260932234926955,0.35185185185185186,0.03333333333333333,0.31851851851851853,0.6481481481481481,0.3322350356946733,0,0.05833726972130373,0.0667458432304038,1889.0966666666666
25009217400,1196.0,326600.0,61646.0,7.086737934510577,12.696491459518501,11.029163624086888,0.7536419553253481,0.29621236646163807,0.45742958886370993,0.246358044674652,0.6036690896503981,1,0.10664953421137166,0.21113274910743265,1711.9283333333333
25009250800,1261.0,262600.0,46466.0,7.13966033596492,12.478387240850832,10.746476141335233,0.616478460895023,0.4608950230029277,0.15558343789209536,0.383521539104977,0.5987460815047022,1,0.7980867346938776,0.24588826967513933,1376.4616666666668
25009251700,1231.0,259100.0,54406.0,7.115582126184454,12.464969366550202,10.904229720879732,0.6629688325409403,0.33967247754886426,0.3232963549920761,0.3370311674590597,0.6689151208544126,1,0.7500897666068223,0.21456977584960232,1358.1158333333333
25009251800,1214.0,253000.0,55908.0,7.101675971619444,12.441144767709657,10.931462761604797,0.457182320441989,0.19544198895027623,0.2617403314917127,0.5428176795580111,0.4594594594594595,1,0.6733077589407251,0.1266658363432557,1326.1416666666667
25009252202,,349200.0,111895.0,7.512284337883842,12.763400102947584,11.625316210549256,0.03539019963702359,0.0,0.03539019963702359,0.9646098003629764,0.035747021081576534,0,0.11268492288322317,0.023607176581680833,1830.39
25009252602,1505.0,377800.0,116125.0,7.316548177182976,12.842120234049546,11.66242247611614,0.23241206030150754,0.017587939698492462,0.21482412060301506,0.7675879396984925,0.23215434083601286,0,0.145041502839668,0.0397016889668787,1980.3016666666665
25009204300,1197.0,321900.0,33699.0,7.087573705557973,12.6819962172869,10.42522344230968,0.9219486642221059,0.391304347826087,0.5306443163960188,0.07805133577789418,0.7571428571428571,1,0.6625988700564972,0.2838665759019741,1687.2924999999998
25009205100,1096.0,329200.0,88906.0,6.999422467507961,12.704420747785052,11.395334910788097,0.29411764705882354,0.19814241486068113,0.09597523219814241,0.7058823529411765,0.20661605206073752,1,0.30380715515592116,0.06236847139850775,1725.5566666666666
25009205500,1249.0,304000.0,50603.0,7.130098510125578,12.624782980388359,10.83176614205561,0.7392344497607656,0.5514354066985646,0.18779904306220097,0.2607655502392344,0.5360248447204969,1,0.6480402010050251,0.21919741883444244,1593.4666666666665
25009207100,1172.0,265600.0,49750.0,7.066466970136958,12.489746696584415,10.814765742586738,0.7407407407407407,0.5220458553791887,0.21869488536155202,0.25132275132275134,0.7325581395348837,1,0.6593989393046553,0.15584415584415584,1392.1866666666665
25009208101,1163.0,353700.0,77159.0,7.0587581525186645,12.776204375193572,11.253623506852739,0.20367682631833575,0.18867924528301888,0.014997581035316884,0.7963231736816643,0.1956521739130435,1,0.07867661892273553,0.054087277197295634,1853.9775
25009208102,1216.0,363900.0,77100.0,7.103322062526113,12.80463438360025,11.25285855955142,0.3110419906687403,0.29704510108864696,0.013996889580093312,0.6889580093312597,0.17060810810810811,1,0.19423190111830488,0.08929645219482862,1907.4424999999999
25009208300,,378000.0,78457.0,7.591533709537982,12.842649474601725,11.270305982988683,0.12959779993124784,0.019250601581299414,0.11034719834994844,0.7789618425575799,0.14700609537468626,0,0.07128614157527417,0.10020115665074177,1981.3500000000001
25009204400,1218.0,374300.0,72829.0,7.1049654482698426,12.83281289389252,11.195869506512176,0.6782044348296377,0.5024337479718767,0.17577068685776095,0.32179556517036234,0.42339667458432306,1,0.14873417721518986,0.04888631761643043,1961.9558333333332
25009206600,1218.0,312200.0,43261.0,7.1049654482698426,12.65139928706347,10.675006815282412,0.6905132192846034,0.38413685847589424,0.30637636080870917,0.3094867807153966,0.6550598476605005,1,0.3992982456140351,0.19672514619883041,1636.4483333333335
25009210100,1098.0,441700.0,106765.0,7.001245622069476,12.998386197584617,11.578385436442014,0.009119746233148296,0.009119746233148296,0.0,0.873116574147502,0.0547001620745543,0,0.05679574791192103,0.0352851711026616,2315.244166666667
25009217500,1120.0,454300.0,84449.0,7.02108396428914,13.026513051747495,11.343903080839608,0.4980802792321117,0.2806282722513089,0.2174520069808028,0.5019197207678883,0.4007285974499089,1,0.03694307911843983,0.05329361138695796,2381.2891666666665
25009222100,1128.0,555900.0,113469.0,7.028201432058005,13.228343700941561,11.639284950844113,0.22947976878612716,0.1606936416184971,0.06878612716763005,0.7705202312138728,0.17202797202797201,1,0.00538647993536224,0.061621621621621624,2913.8425
25009206200,1207.0,270100.0,51848.0,7.095893221097532,12.506547539780707,10.856071640107553,0.8220536756126021,0.6213535589264878,0.20070011668611434,0.1779463243873979,0.6865315852205006,1,0.7572832572832573,0.20533520533520533,1415.7741666666668
25009214100,,588500.0,136812.0,8.034216440618726,13.285332205682469,11.82636299962172,0.08890884598114054,0.07004939380332285,0.018859452177817693,0.9110911540188594,0.09277389277389278,0,0.01663868111738666,0.048803232825613926,3084.7208333333333
25009250700,1156.0,278000.0,45903.0,7.052721049232323,12.535376392672774,10.734285753389923,0.7997489014438167,0.6359070935342122,0.1638418079096045,0.2002510985561833,0.745249824067558,1,0.9053061224489796,0.24959183673469387,1457.1833333333334
25009254403,2346.0,612800.0,171955.0,7.76046702921342,13.325793897408518,12.054988093658062,0.08536585365853659,0.04375896700143472,0.04160688665710186,0.9146341463414634,0.05442176870748299,0,0.04107272287992269,0.01046598554697234,3212.093333333333
25009266200,1123.0,285300.0,78577.0,7.023758954738443,12.561296537201592,11.271834314730318,0.4511184755592378,0.16652858326429162,0.28458989229494613,0.5488815244407622,0.32754010695187163,1,0.0463540738099483,0.0962236746550472,1495.4475
25009262100,1094.0,340300.0,83508.0,6.9975959829819265,12.737582860488997,11.33269771463285,0.15809859154929579,0.11690140845070422,0.04119718309859155,0.7352112676056338,0.11891891891891893,0,0.04064921772188917,0.056936883919376194,1783.7391666666665
25009203100,,634100.0,159875.0,8.108846184624381,13.359961949688122,11.982147538881144,0.09330783938814531,0.09330783938814531,0.0,0.9066921606118546,0.08063855914858781,0,0.07974137931034483,0.02382344343759135,3323.7408333333333
25011040600,1168.0,293500.0,82286.0,7.0630481633881725,12.589632918250288,11.317956262838909,0.05713000449842555,0.042735042735042736,0.014394961763382817,0.9280251911830859,0.11573146292585171,0,0.03319502074688797,0.07295780503013927,1538.4291666666666
25011041200,998.0,177400.0,63214.0,6.905753276311464,12.086162348857616,11.054281074590582,0.2917827298050139,0.25348189415041783,0.0383008356545961,0.708217270194986,0.2961876832844575,1,0.06580166821130677,0.09271317829457364,929.8716666666666
25011041300,845.0,149900.0,32462.0,6.739336627357174,11.917723684090689,10.387825453465016,0.740726429675425,0.4482225656877898,0.2925038639876352,0.259273570324575,0.7036282103546677,1,0.09643788010425716,0.16695880806310254,785.7258333333333
25011040800,1395.0,318600.0,62016.0,7.240649694255466,12.671691676458085,11.035147695250439,0.44387971198644643,0.1469716221939856,0.2969080897924608,0.5518847945785684,0.45503355704697984,0,0.07737627651217596,0.10607559865426479,1669.995
25025090600,1363.0,334300.0,44000.0,7.217443431696533,12.71979407240819,10.691944912900398,0.7046511627906977,0.6767441860465117,0.027906976744186046,0.29534883720930233,0.6373056994818653,1,0.8545594459407464,0.18555900621118013,1752.2891666666665
25025091500,1331.0,398500.0,54182.0,7.193685818395112,12.895462777212407,10.900104028948183,0.8326039387308534,0.687089715536105,0.14551422319474835,0.1673960612691466,0.5694789081885856,1,0.724445324881141,0.20106973058637084,2088.8041666666663
25025170200,912.0,366700.0,48250.0,6.815639990074331,12.812299354059418,10.784151106767132,0.5060240963855421,0.4825014343086632,0.023522662076878944,0.4939759036144578,0.4954682779456193,1,0.34552605703048184,0.20600080547724528,1922.1191666666666
25025170800,1539.0,357200.0,54899.0,7.338888133838879,12.78605112798448,10.913250412395481,0.732420953279849,0.4011326097215668,0.3312883435582822,0.26757904672015104,0.5461029037187978,1,0.4220443555110889,0.15317433658045013,1872.323333333333
25025120600,2163.0,493900.0,103417.0,7.679251425953058,13.110088346528716,11.54652463760064,0.9010082493125573,0.7442713107241063,0.15673693858845097,0.09899175068744272,0.5113851992409867,1,0.24397221087045362,0.0723334695545566,2588.8591666666666
25025130100,1762.0,439000.0,104829.0,7.474204806496124,12.992254692057308,11.560085730147089,0.42295081967213116,0.14688524590163934,0.2760655737704918,0.5770491803278689,0.23334495988838508,0,0.09875813128326434,0.02647233789411065,2301.0916666666667
25025140202,1285.0,375400.0,85074.0,7.158513997329321,12.835747403134546,11.351276744965613,0.4524221453287197,0.3819204152249135,0.07050173010380623,0.5475778546712803,0.3642503376857272,1,0.6161556603773585,0.11392405063291139,1967.7216666666666
25025160300,1504.0,347200.0,51667.0,7.315883504509785,12.757656261768332,10.852574558825365,0.845642540620384,0.16100443131462333,0.6846381093057607,0.15435745937961595,0.6933534743202417,1,0.4048202614379085,0.15235342691990092,1819.9066666666665
25025170100,1364.0,339100.0,58813.0,7.218176838403408,12.73405032811373,10.982118197885645,0.5858131487889273,0.44325259515570936,0.14256055363321798,0.4141868512110727,0.39705882352941174,1,0.44838252352107233,0.06237917257378528,1777.4491666666665
25025170300,1631.0,385100.0,72584.0,7.396948602621014,12.861258319803,11.192499790849466,0.49716392512762336,0.2819058423142371,0.21525808281338626,0.5028360748723766,0.4580430172674947,1,0.25843439911797134,0.10372103386809269,2018.5658333333333
25025180200,1220.0,394600.0,76204.0,7.106606137727303,12.885627872570652,11.241169233735326,0.5583840619811843,0.4139457664637521,0.1444382955174322,0.4416159380188157,0.3298780487804878,1,0.12691570881226052,0.06892411143131605,2068.3616666666667
25025110501,1597.0,468200.0,86786.0,7.3758821482150125,13.056650834038948,11.371200597317179,0.5310026385224275,0.45844327176781,0.07255936675461741,0.46899736147757254,0.3669849931787176,1,0.20465489566613163,0.10941680042803638,2454.148333333333
25025180500,1419.0,378800.0,72910.0,7.257707677160043,12.84476364029406,11.196981082800477,0.6148184494602551,0.5039254170755643,0.11089303238469088,0.38518155053974484,0.5190005205622071,1,0.07410775176176404,0.09388497385769493,1985.5433333333333
25025092200,1366.0,467000.0,64526.0,7.2196420401307355,13.054084536651034,11.074823522335766,0.7524509803921569,0.6241830065359477,0.12826797385620914,0.24754901960784315,0.5350488021295474,1,0.6279369166398455,0.0840064620355412,2447.858333333333
25025091300,1215.0,429400.0,38750.0,7.102499355774649,12.970144164426818,10.564886034781493,0.9269356597600873,0.7666303162486369,0.16030534351145037,0.06652126499454744,0.7314356435643564,1,0.8184303006638032,0.2405310425614994,2250.7716666666665
25025091700,1466.0,444400.0,43125.0,7.290292882446597,13.004480336747612,10.67185815433366,0.8713298791018999,0.8661485319516408,0.0051813471502590676,0.12867012089810018,0.7075376884422111,1,0.7878033602986932,0.21811344406142275,2329.3966666666665
25025100800,1535.0,438800.0,88425.0,7.336285660021297,12.991799007383213,11.389910014073681,0.6849458609849808,0.37582954942368146,0.3091163115612993,0.3150541390150192,0.5034358047016275,1,0.3443396226415094,0.09920876445526476,2300.0433333333335
25025000401,1513.0,490500.0,70184.0,7.321849713788356,13.103180557987555,11.15887564380822,0.9489285714285715,0.27714285714285714,0.6717857142857143,0.05107142857142857,0.8881506090808416,1,0.08188367597961693,0.20611491829204007,2571.0375
25009260600,1391.0,276000.0,60373.0,7.237778191923443,12.528156144699286,11.00829726411219,0.6136044880785414,0.4284712482468443,0.18513323983169705,0.3863955119214586,0.5847647498132935,1,0.40617317672767006,0.16388964763725758,1446.6999999999998
25009260800,1250.0,239400.0,39808.0,7.1308988302963465,12.38589107210601,10.59182317609885,0.7582309582309582,0.5262899262899263,0.23194103194103194,0.23292383292383292,0.7530186608122942,1,0.49166666666666664,0.2765876052027544,1254.855
25009260900,964.0,241400.0,44239.0,6.871091294610546,12.394210587645569,10.697362031962442,0.5415709692237023,0.3141938447404685,0.2273771244832338,0.45842903077629765,0.47023208879919276,1,0.28951426368542793,0.169236700077101,1265.3383333333334
25009261101,1529.0,328000.0,104835.0,7.332369205929062,12.70076888736628,11.56014296457934,0.12232779097387174,0.10688836104513064,0.015439429928741092,0.8776722090261283,0.08811104405552203,0,0.07332601536772777,0.03478456014362657,1719.2666666666667
25009266300,1206.0,329300.0,70063.0,7.095064377287131,12.704724468364455,11.157150116274332,0.4473981900452489,0.15497737556561086,0.292420814479638,0.5526018099547512,0.3902291917973462,1,0.02680965147453083,0.052255225522552254,1726.0808333333332
25009266400,1144.0,299500.0,72685.0,7.042286171939743,12.609869696537642,11.193890314860425,0.4124438742783836,0.1763951250801796,0.23604874919820398,0.5875561257216164,0.33940182054616386,1,0.030142781597038603,0.048651507139079855,1569.8791666666666
25009268100,,540400.0,154653.0,7.948949120004438,13.200064885068182,11.94893917656716,0.016913319238900635,0.016913319238900635,0.0,0.9830866807610994,0.03552206673842842,0,0.038584070796460174,0.016702203269367447,2832.5966666666664
25009204702,1258.0,360400.0,68125.0,7.1372784372603855,12.79496980471632,11.129099531965545,0.4462809917355372,0.22479338842975208,0.22148760330578512,0.5475206611570248,0.4461215932914046,1,0.22296744642565025,0.12072632095534108,1889.0966666666666
25009201100,1367.0,628200.0,90741.0,7.220373836723949,13.350613866086682,11.415764573655355,0.309048178613396,0.15217391304347827,0.15687426556991774,0.690951821386604,0.31615776081424934,1,0.026037195994277538,0.03192106790481718,3292.815
25009206000,1177.0,268000.0,43646.0,7.0707241072602764,12.498742259492994,10.683866919038945,0.8690582959641255,0.3739910313901345,0.49506726457399103,0.13094170403587443,0.8385864374403056,1,0.7467034651947255,0.21864458754983135,1404.7666666666667
25009206300,1305.0,244400.0,62637.0,7.173958319756794,12.406561506279576,11.045111436797486,0.6746268656716418,0.6283582089552239,0.04626865671641791,0.3119402985074627,0.5101733232856066,1,0.6346280447662936,0.12464340574939653,1281.0633333333333
25009206500,1304.0,276000.0,42560.0,7.1731917424865985,12.528156144699286,10.658670124015526,0.7651444547996272,0.6589002795899348,0.10624417520969245,0.22367194780987884,0.7209971236816874,1,0.7726340462935833,0.2200416294974725,1446.6999999999998
25009208200,527.0,359000.0,69725.0,6.267200548541362,12.791077667470416,11.152314212495689,0.3301174496644295,0.09354026845637584,0.23657718120805368,0.6698825503355704,0.2328767123287671,0,0.0834391438418284,0.1532740794485761,1881.7583333333332
25009209100,2222.0,617600.0,110192.0,7.706162970199576,13.333596277692703,11.609979577784479,0.1746499631540162,0.02431834929992631,0.1503316138540899,0.8253500368459837,0.17117834394904458,0,0.054349431398611724,0.020187026866557815,3237.2533333333336
25009210800,1036.0,289700.0,41750.0,6.943122422819428,12.576601183757441,10.639454730279002,0.8256806176351077,0.42381145875660303,0.40186915887850466,0.17431938236489233,0.7084731543624161,1,0.21152296535052378,0.23509266720386784,1518.5108333333335
25009211200,1160.0,355200.0,72571.0,7.05617528410041,12.780436290100152,11.192320671976058,0.46415770609318996,0.23727598566308244,0.22688172043010751,0.53584229390681,0.3696646341463415,1,0.04770375161707632,0.07195989650711514,1861.84
25009212100,1573.0,494900.0,102604.0,7.360739903058278,13.112111000939978,11.538632197313634,0.15184590690208669,0.029534510433386837,0.12231139646869985,0.8401284109149277,0.10521008403361344,0,0.08221699560282238,0.03800967519004837,2594.1008333333334
25009221100,1180.0,521400.0,91019.0,7.07326971745971,13.164272780481538,11.418823554913928,0.10552536231884058,0.08605072463768115,0.01947463768115942,0.8944746376811594,0.19023569023569023,0,0.020289855072463767,0.05581603036392052,2733.0049999999997
25009221300,1283.0,531900.0,85219.0,7.1569563646156364,13.184210780730409,11.352979692650392,0.20276134122287967,0.147534516765286,0.055226824457593686,0.7972386587771203,0.20784883720930233,0,0.00969341749323715,0.05365193868349865,2788.0425
25009251300,860.0,141400.0,38468.0,6.756932389247553,11.85934803244461,10.557582005832373,0.84375,0.44819078947368424,0.39555921052631576,0.15625,0.7258652094717668,1,0.9795013850415513,0.3129855715871254,741.1716666666666
25009251600,1160.0,274200.0,46394.0,7.05617528410041,12.521613046110351,10.744925419508215,0.7732585320243104,0.5381019167835437,0.23515661524076673,0.2267414679756896,0.8080124869927159,1,0.8236603321349084,0.2668727460072128,1437.265
25009253100,1344.0,345900.0,71328.0,7.203405521083095,12.75390499492526,11.175044236185595,0.49961568024596464,0.3627978478093774,0.13681783243658724,0.5003843197540354,0.425312096427034,1,0.0971019947308995,0.08548632218844984,1813.0925
25009253203,1938.0,634100.0,166711.0,7.569411792450712,13.359961949688122,12.024017053364492,0.18401015228426396,0.02284263959390863,0.16116751269035534,0.815989847715736,0.13096862210095497,0,0.031357289997711146,0.010832932113625422,3323.7408333333333
25005631300,984.0,328000.0,96708.0,6.891625897052253,12.70076888736628,11.479451408112512,0.35884274381707887,0.15305646290247316,0.20578628091460568,0.6411572561829212,0.32646048109965636,1,0.061049550491323434,0.03951494877691825,1719.2666666666667
25005631500,1356.0,265500.0,72949.0,7.212294468500341,12.48937011966413,11.197515845837785,0.45657015590200445,0.36525612472160357,0.09131403118040089,0.5434298440979956,0.3846815834767642,1,0.16744186046511628,0.1079734219269103,1391.6625000000001
25005640100,793.0,274800.0,45625.0,6.675823221634848,12.52379883933033,10.728211090884793,0.5169300225733634,0.4306997742663657,0.08623024830699774,0.48306997742663654,0.49488553336580615,1,0.1033434650455927,0.15663627152988854,1440.4099999999999
25005640300,635.0,238800.0,30614.0,6.453624998892692,12.383381660500584,10.329212699651652,0.6982142857142857,0.32857142857142857,0.36964285714285716,0.30178571428571427,0.6406153846153846,1,0.20753756047873695,0.3032849503437739,1251.7099999999998
25021422100,1416.0,390200.0,100245.0,7.255591274253665,12.874414707171148,11.51537246861328,0.19761336515513125,0.1026252983293556,0.09498806682577565,0.8023866348448687,0.25098231827111983,0,0.057007125890736345,0.0433425160697888,2045.2983333333332
25021422200,1431.0,366900.0,77769.0,7.266128779556451,12.812844610343374,11.26149817317762,0.4948280682135868,0.07771875873637125,0.41710930947721553,0.5051719317864132,0.4068341121495327,0,0.04548999220171562,0.08097218611905381,1923.1674999999998
25021456101,1847.0,353700.0,110848.0,7.52131798019924,12.776204375193572,11.615915172482053,0.1020260492040521,0.029667149059334298,0.0723589001447178,0.8748191027496383,0.07640449438202247,0,0.20400943396226415,0.023371456986573842,1853.9775
25021400200,2185.0,745200.0,71475.0,7.68937110752969,13.52140791770957,11.177103017190513,0.8832264596692542,0.14107323658454268,0.7421532230847114,0.10867364157948026,0.52506221116246,0,0.11422172452407615,0.26519159852493185,3906.09
25021411100,1707.0,426100.0,102621.0,7.442492722794441,12.962429339488004,11.538797869137621,0.250640204865557,0.06850192061459667,0.18213828425096032,0.7493597951344431,0.22444955635885638,0,0.1447084233261339,0.03239402697495183,2233.4741666666664
25021411200,1205.0,482200.0,119323.0,7.094234845924755,13.086114244729208,11.689589380786638,0.1707035755478662,0.1053440984236832,0.06535947712418301,0.8292964244521338,0.17421180274858528,0,0.04253459577567371,0.05564457392571012,2527.5316666666663
25021412200,1805.0,787300.0,150000.0,7.498315870766981,13.57636464917256,11.918390573078392,0.38643634037108127,0.003838771593090211,0.38259756877799106,0.6071657069737684,0.1523545706371191,0,0.012594458438287154,0.02382159148504815,4126.764166666667
25021417200,1630.0,412200.0,73692.0,7.396335293800808,12.929263947438496,11.2076495241174,0.5374449339207048,0.21292217327459617,0.3245227606461087,0.46255506607929514,0.4619134673979281,1,0.047958681751106735,0.09985243482538121,2160.615
25021417601,1337.0,404100.0,65461.0,7.198183577101943,12.909417651066565,11.089209824443223,0.6020066889632107,0.2971810797897754,0.30482560917343526,0.3979933110367893,0.5312,1,0.04406288787753413,0.1624798340631482,2118.1575
25021419300,1159.0,405100.0,70568.0,7.055312843339752,12.911889229190782,11.164332062938604,0.49219237976264835,0.13179262960649593,0.3603997501561524,0.5078076202373517,0.4122423485321674,0,0.09757834757834757,0.11016144349477683,2123.3991666666666
25021419700,422.0,441200.0,97841.0,6.045005314036012,12.997253566361485,11.491098991077424,0.3073367995378394,0.01097631426920855,0.29636048526863085,0.6926632004621606,0.1932367149758454,0,0.010818785345463487,0.02448163877092181,2312.6233333333334
25021420100,1624.0,296900.0,82632.0,7.392647520721623,12.601150660751852,11.32215229368647,0.2074074074074074,0.03993558776167472,0.16747181964573268,0.7867954911433173,0.28206850235057085,0,0.5144119014411901,0.13802022102045614,1556.2508333333333
25021420202,1503.0,304300.0,70855.0,7.315218389752975,12.625769335885062,11.16839081425897,0.28694029850746267,0.025373134328358207,0.26156716417910447,0.7130597014925373,0.4005492349941153,0,0.45797880280638903,0.09280359820089955,1595.0391666666665
25005640800,788.0,242400.0,54779.0,6.669498089857879,12.398344533177296,10.911062187812915,0.5848934796642995,0.43770174306003873,0.14719173660426083,0.41510652033570045,0.4179658500371195,1,0.08700025144581343,0.13452351018355543,1270.58
25005644200,951.0,265200.0,73029.0,6.85751406254539,12.488239537293845,11.19861190151753,0.13226452905811623,0.09285237140948564,0.0394121576486306,0.8677354709418837,0.19687613512531785,0,0.020384047267355983,0.06479348994319054,1390.09
25021456301,1267.0,254200.0,53355.0,7.144407180321139,12.445876637737491,10.884722973050666,0.6394799054373522,0.23877068557919623,0.40070921985815605,0.3605200945626478,0.6096385542168675,1,0.22536539368222536,0.2026578073089701,1332.4316666666666
25021456302,1504.0,251700.0,59764.0,7.315883504509785,12.435993181123408,10.998158751970976,0.42738752959747434,0.20165745856353592,0.22573007103393844,0.5726124704025256,0.3572621035058431,1,0.18677196446199407,0.13193343898573692,1319.3275
25021457200,1658.0,775100.0,158818.0,7.4133673356952405,13.560747332269603,11.975514171497476,0.15868794326241134,0.006648936170212766,0.15203900709219859,0.8413120567375887,0.14707217430776215,0,0.08034550195567144,0.01397438030277824,4062.8158333333336
25023500103,1628.0,328700.0,71193.0,7.395107546562485,12.70290075965231,11.173149777960127,0.4775204359673024,0.0776566757493188,0.39986376021798364,0.5224795640326976,0.32285471537807986,0,0.0519730510105871,0.05052935514918191,1722.9358333333332
25025010404,1886.0,557900.0,29474.0,7.542213463193403,13.23193501383362,10.291263797773208,0.9775204359673024,0.16416893732970028,0.8133514986376021,0.022479564032697547,0.865533230293663,1,0.14129810453762207,0.573037927149831,2924.325833333333
25025010405,775.0,375000.0,16192.0,6.652863029353347,12.834681304952548,9.692272572087193,1.0,0.06421052631578947,0.9357894736842105,0.0,0.9431680773881499,0,0.21083140112620072,0.5433596118859915,1965.625
25025010203,1977.0,461700.0,42813.0,7.589335823170617,13.04267060849508,10.664597073768501,0.997707079392376,0.03897965032960734,0.9587274290627688,0.002292920607623961,0.9387411645910468,0,0.15770875953133717,0.5214477211796247,2420.0775
25025010408,1950.0,477300.0,64330.0,7.575584651557793,13.075900502993989,11.071781364405046,0.9889746416758545,0.0,0.9889746416758545,0.011025358324145534,0.9029239766081871,0,0.16738505747126436,0.22198275862068967,2501.8475
25025010701,2033.0,1081600.0,107344.0,7.617267813628347,13.893951984270837,11.583793909802669,0.9628964691801316,0.1675643327348893,0.7953321364452424,0.03710353081986834,0.6871794871794872,1,0.11721183800623053,0.07399103139013453,5669.386666666666
25025010403,1797.0,380500.0,29946.0,7.493873886783559,12.849241456283877,10.307151038697665,0.9682080924855492,0.03420038535645472,0.9340077071290944,0.025048169556840076,0.9347604485219164,0,0.225569176882662,0.3702276707530648,1994.4541666666667
25023500104,1166.0,388200.0,85081.0,7.061334366910438,12.869275949717046,11.35135902288873,0.30346576500422656,0.17371090448013524,0.1297548605240913,0.6965342349957735,0.31496881496881496,1,0.008368200836820083,0.02696420269642027,2034.8149999999998
25027732901,1053.0,188200.0,50865.0,6.959398512133975,12.145260506133416,10.836930343227849,0.5924734641363782,0.27468639433901576,0.3177870697973625,0.38726278546156323,0.5662274618585298,1,0.3611394992335207,0.1352116300012865,986.4816666666666
25027733101,983.0,188400.0,60278.0,6.890609120147166,12.1463226411244,11.006722473689681,0.3195402298850575,0.22413793103448276,0.09540229885057472,0.6804597701149425,0.20351758793969849,1,0.21979114868224764,0.11934361014420686,987.5299999999999
25027710100,1039.0,157200.0,51250.0,6.946013991099227,11.965274158977243,10.844470897000654,0.7517385257301809,0.6105702364394993,0.1411682892906815,0.2482614742698192,0.63359375,1,0.43380109823062846,0.18734413965087282,823.9899999999999
25027707500,798.0,204800.0,58289.0,6.682108597449809,12.22978917214749,10.973168675291133,0.36098239110287306,0.1515291936978684,0.20945319740500462,0.628822984244671,0.40637254901960784,1,0.17466478475652789,0.15243362831858406,1073.4933333333333
25027756101,972.0,266400.0,73424.0,6.879355804460439,12.492754217648372,11.204006136634614,0.3038038038038038,0.0920920920920921,0.21171171171171171,0.6961961961961962,0.3274041133963313,0,0.0316222655403942,0.03942093541202673,1396.3799999999999
25027750200,1105.0,318600.0,93250.0,7.007600613951853,12.671691676458085,11.443039337506063,0.19716814159292034,0.13274336283185842,0.06442477876106195,0.8028318584070796,0.22966867469879518,0,0.044135676338373515,0.06489957644486952,1669.995
25027754100,1054.0,259400.0,77401.0,6.960347729101308,12.46612655086448,11.256754979390998,0.08969986357435197,0.03956343792633015,0.05013642564802183,0.8792633015006821,0.124750099960016,0,0.08441013592884712,0.019023569023569022,1359.6883333333333
25027755100,1002.0,220100.0,54162.0,6.90975328164481,12.301837267514554,10.89973483452621,0.6426592797783933,0.4868421052631579,0.15581717451523547,0.3573407202216066,0.5399267399267399,1,0.1,0.1000292483182217,1153.6908333333333
25027757100,974.0,185700.0,50494.0,6.881411303642535,12.131887747340798,10.829609796323572,0.6473236618309155,0.4042021010505253,0.24312156078039018,0.35267633816908456,0.6167883211678832,1,0.3301734104046243,0.16947976878612717,973.3774999999999
25027760100,1008.0,226100.0,68125.0,6.915723448631314,12.32873265826606,11.129099531965545,0.1324018629407851,0.09181636726546906,0.04058549567531603,0.6879574184963406,0.158145875937287,0,0.012532789274264064,0.07455239213384209,1185.1408333333331
25027707100,644.0,184900.0,44683.0,6.467698726104354,12.127570417375216,10.70734839506515,0.35537190082644626,0.15879574970484062,0.19657615112160567,0.5720188902007084,0.37454100367197063,1,0.08396946564885496,0.2251497005988024,969.1841666666666
25027709201,891.0,243300.0,71034.0,6.792344427470809,12.402050528771614,11.17091391463969,0.3231225296442688,0.15382081686429513,0.16930171277997366,0.6623847167325428,0.2708618331053352,1,0.13685253325785451,0.06464904802500711,1275.2975
25027710400,995.0,174500.0,60000.0,6.902742737158593,12.069680020624618,11.002099841204238,0.40525739320920046,0.39759036144578314,0.007667031763417305,0.5947426067907996,0.3294392523364486,1,0.22540633019674935,0.13315926892950392,914.6708333333332
25027713100,878.0,351500.0,103071.0,6.777646593635117,12.769964990232857,11.543173350127947,0.15157256536566882,0.11064797271693823,0.04092459264873058,0.8484274346343312,0.19485903814262023,0,0.13029963943802064,0.032872229659378256,1842.4458333333332
25027716100,1318.0,251400.0,79283.0,7.183870715062453,12.434800575138285,11.280779008853019,0.4072669826224329,0.24707740916271723,0.16018957345971563,0.5927330173775671,0.3037037037037037,1,0.13644570544235232,0.0395924684034047,1317.7549999999999
25027723100,693.0,239100.0,68096.0,6.541029999189903,12.384637153446416,11.128673753261262,0.2358031368307193,0.167658193618172,0.06814494321254733,0.756625202812331,0.23973022685469036,1,0.0309969928290539,0.1241690408357075,1253.2825
25027730902,1378.0,234400.0,92672.0,7.228388451573604,12.364784336684995,11.436821656305334,0.19982773471145565,0.12833763996554695,0.0714900947459087,0.8001722652885443,0.28763440860215056,0,0.17783566185176414,0.15088658414185346,1228.6466666666668
25027731400,941.0,151900.0,25399.0,6.846943139585379,11.930977688583864,10.142465082152865,0.9428571428571428,0.539010989010989,0.40384615384615385,0.05714285714285714,0.8867692307692308,1,0.6534253092293054,0.3593519882179676,796.2091666666666
25027731600,1068.0,158100.0,35309.0,6.97354301952014,11.970983023197563,10.471893167932329,0.9550898203592815,0.4438622754491018,0.5112275449101796,0.04491017964071856,0.9161317928968763,1,0.21700964167506115,0.3664302600472813,828.7075
25027736100,1143.0,275700.0,82250.0,7.04141166379481,12.527068597011889,11.317518668627619,0.15465898174831894,0.049951969260326606,0.10470701248799232,0.8453410182516811,0.1351084812623274,0,0.0681169757489301,0.03983769826632239,1445.1274999999998
25027737300,1123.0,272600.0,93856.0,7.023758954738443,12.51576079824457,11.449516971777177,0.16955153422501967,0.06372934697088907,0.1058221872541306,0.8304484657749803,0.17717206132879046,0,0.010108409024318782,0.025225225225225224,1428.8783333333333
25027739300,1348.0,333800.0,91425.0,7.206377291472252,12.718297290209872,11.423274243017582,0.34658385093167704,0.09192546583850932,0.2546583850931677,0.653416149068323,0.28280081577158395,0,0.09973118279569892,0.04838709677419355,1749.6683333333333
25027711000,1041.0,159300.0,63375.0,6.947937068614969,11.97854449589814,11.056824740893484,0.5129240710823909,0.3861066235864297,0.12681744749596122,0.39579967689822293,0.4868804664723032,1,0.2515517804639007,0.21842890288365926,834.9975
25027700100,1579.0,247200.0,97561.0,7.364547014255642,12.417953004565673,11.488233102379827,0.026651216685979143,0.010814986481266898,0.015836230204712243,0.9598300502124373,0.1150398406374502,0,0.02238925315848393,0.033040364583333336,1295.74
25027702200,853.0,204400.0,78958.0,6.748759547491679,12.227834137311687,11.276671344505923,0.12651894210150108,0.07719799857040743,0.04932094353109364,0.8548963545389564,0.19524200164068908,0,0.03144078144078144,0.06829733163913596,1071.3966666666668
25027704200,1134.0,258500.0,72900.0,7.033506484287697,12.462650972930621,11.19684391799675,0.030791788856304986,0.030791788856304986,0.0,0.9479472140762464,0.12341197822141561,0,0.02255132951868058,0.05458887751620607,1354.9708333333333
25021422302,1594.0,336900.0,82981.0,7.374001859350161,12.727541429394645,11.326366944910895,0.58758109360519,0.03830707445165277,0.5492740191535372,0.41241890639481,0.4736331284373989,0,0.14547246866638502,0.03230437903804738,1765.9174999999998
25021422400,1278.0,348100.0,72882.0,7.15305163493748,12.76024507379953,11.196596973928326,0.41990360079387584,0.11000850581230508,0.30989509498157075,0.5503260561383612,0.447870778267254,0,0.11657559198542805,0.06247480854494156,1824.6241666666665
25021422501,1536.0,358600.0,68272.0,7.336936913707618,12.78996284015317,11.13125500542778,0.47282368537339814,0.04418912947414936,0.42863455589924876,0.5271763146266019,0.44469525959367945,0,0.13168086754453912,0.10263361735089079,1879.6616666666666
25021422502,1222.0,316900.0,59083.0,7.108244139731541,12.666341545679012,10.986698513961407,0.4170124481327801,0.1053941908713693,0.3116182572614108,0.58298755186722,0.4317062248096731,0,0.125428245146555,0.1130567186905215,1661.0841666666665
25021456200,1638.0,346800.0,87712.0,7.401231264413015,12.756503523888524,11.381813999102512,0.36402701043585023,0.028852056476365868,0.3351749539594843,0.6310620012277471,0.31797534068786504,0,0.22494834710743802,0.05421530479896239,1817.8099999999997
25025010702,2216.0,1131900.0,150781.0,7.703459047867175,13.939408194620512,11.923583731923035,0.9626998223801065,0.13913558318531677,0.8235642391947898,0.037300177619893425,0.546084546084546,0,0.07279693486590039,0.053877551020408164,5933.0425
25025010801,2147.0,1348800.0,116184.0,7.671826797878781,14.114725866229728,11.66293042028764,0.9806714140386572,0.11291963377416073,0.8677517802644964,0.019328585961342827,0.4812348668280872,0,0.09589969501863775,0.05696689761354888,7069.959999999999
25025010802,2212.0,945200.0,126518.0,7.701652362642226,13.75915182429489,11.748139869517214,0.9604051565377533,0.1712707182320442,0.7891344383057091,0.03959484346224678,0.595146166574738,1,0.1265292981326465,0.08958262639972854,4954.423333333333
25025020101,2168.0,1111700.0,111569.0,7.681560362559537,13.921400933221706,11.622398512564176,0.864321608040201,0.21641541038525963,0.6479061976549414,0.135678391959799,0.5785060975609756,1,0.06567038518206693,0.042096400757735214,5827.160833333332
25025020301,2450.0,501300.0,89018.0,7.803843303538772,13.124960003251594,11.396593875456082,0.9877717391304348,0.0,0.9877717391304348,0.012228260869565218,0.7897595034910784,0,0.1814814814814815,0.0986261040235525,2627.6475
25025020302,2095.0,961400.0,123250.0,7.647308832356238,13.776145834441998,11.721970091904936,0.9284712482468443,0.32538569424964936,0.603085553997195,0.07152875175315568,0.6372007366482505,1,0.0336734693877551,0.10306122448979592,5039.338333333333
25017356602,1620.0,599300.0,129408.0,7.3901814282264295,13.303517586446276,11.770725482940088,0.4298693923906871,0.25383304940374785,0.17603634298693924,0.5701306076093129,0.2066590126291619,1,0.06409340004765308,0.028798411122144985,3141.3308333333334
25017357300,1855.0,681600.0,122841.0,7.5256399750415355,13.432198254497242,11.718646115192415,0.6942771084337349,0.6558734939759037,0.038403614457831324,0.3057228915662651,0.41886490807354115,1,0.0707936507936508,0.009523809523809525,3572.72
25017365202,994.0,670800.0,148947.0,6.901737206656574,13.416226308931192,11.911345816951687,0.1370919881305638,0.034421364985163204,0.1026706231454006,0.8629080118694362,0.13795180722891567,0,0.018926146883357333,0.024905818334030976,3516.11
25017357400,2006.0,878500.0,153750.0,7.603897968521881,13.685971186609288,11.943083185668764,0.48128342245989303,0.48128342245989303,0.0,0.5187165775401069,0.31403118040089084,1,0.09300341296928327,0.02012847965738758,4604.804166666667
25017360100,2789.0,,97604.0,7.933438387627489,,11.488673755167936,0.10157618213660245,0.07880910683012259,0.02276707530647986,0.8984238178633975,1.0,0,0.17468354430379746,0.0,
25017368300,1386.0,399700.0,74813.0,7.234177179749849,12.898469544699415,11.2227469456531,0.7814060699193238,0.4567806377257011,0.3246254321936227,0.21859393008067615,0.6309083436087135,1,0.2161115414407436,0.08583607827940322,2095.0941666666663
25017373100,1842.0,686000.0,92500.0,7.518607216815252,13.438632906708023,11.434963923500517,0.566020730058585,0.42947273546642634,0.13654799459215863,0.43397926994141506,0.40853658536585363,1,0.10025860354087925,0.0259118995415587,3595.7833333333333
25017373300,1865.0,717400.0,116094.0,7.5310163320779155,13.48338884408032,11.662155486763984,0.5333333333333333,0.34031007751937986,0.1930232558139535,0.4666666666666667,0.4171779141104294,1,0.06367398917542184,0.07513530722699777,3760.3716666666664
25017373700,2802.0,1093600.0,221750.0,7.938088726896952,13.904985564391877,12.309305900171825,0.08167613636363637,0.07386363636363637,0.0078125,0.9183238636363636,0.10601503759398496,0,0.07640205906258467,0.021945272283933892,5732.286666666667
25017374200,1722.0,964100.0,146094.0,7.451241684987676,13.778950302652472,11.89200552913368,0.2329367564182843,0.1759549154664997,0.056981840951784594,0.7670632435817157,0.25047679593134137,1,0.06839729119638827,0.01963882618510158,5053.490833333333
25017374600,1914.0,661200.0,132813.0,7.5569505720129,13.401811644929007,11.79669740279967,0.347215253386854,0.347215253386854,0.0,0.652784746613146,0.25118984664198835,1,0.12046827794561933,0.022469788519637462,3465.7899999999995
25017383800,1453.0,408700.0,119747.0,7.2813856635702825,12.920736669552369,11.693136462767283,0.1488,0.0244,0.1244,0.8512,0.18245182451824518,0,0.06762397729170146,0.035636606993474984,2142.2691666666665
25017385100,969.0,505400.0,131635.0,6.876264611890766,13.133105473936231,11.78778821995975,0.16717557251908396,0.08244274809160305,0.08473282442748091,0.832824427480916,0.20854974031162604,0,0.1112666200139958,0.04065269376846251,2649.1383333333333
25017386100,1447.0,769800.0,180769.0,7.277247726631484,13.553886019831783,12.104975252062246,0.03420891875381796,0.010995723885155772,0.023213194868662187,0.9657910812461821,0.06683804627249357,0,0.04371076493838642,0.03301557777261102,4035.035
25017312501,1302.0,345200.0,88911.0,7.171656822768514,12.75187923819141,11.395391148380693,0.32641615255187884,0.17947279865395402,0.14694335389792484,0.6735838474481212,0.2733100233100233,1,0.17702070808283232,0.11155644622578491,1809.4233333333332
25017315100,1617.0,397400.0,107984.0,7.388327859577107,12.892698609099854,11.589738346983188,0.055055055055055056,0.02952952952952953,0.025525525525525526,0.944944944944945,0.06643002028397565,0,0.06529850746268656,0.0812415196743555,2083.0383333333334
25017315500,1544.0,356900.0,91821.0,7.342131730584722,12.785210909478252,11.427596308617355,0.05179558011049724,0.011740331491712707,0.04005524861878453,0.9482044198895028,0.056790123456790124,0,0.012168842692356446,0.04248282879674383,1870.7508333333333
25017318300,1826.0,574800.0,165461.0,7.509883061154913,13.261777433187007,12.01649079648271,0.03915111598975485,0.015367727771679473,0.023783388218075376,0.9560922063666301,0.060718252499074414,0,0.025046040515653775,0.021240024554941683,3012.91
25017327103,788.0,352900.0,91140.0,6.669498089857879,12.773940009663361,11.420152064817874,0.17803547066848568,0.06343792633015007,0.1145975443383356,0.7919508867667121,0.24393624393624394,0,0.015279241306638568,0.04710240804445621,1849.7841666666666
25017331300,2065.0,471400.0,124602.0,7.632885505395133,13.063462269484168,11.732879936571035,0.060421735604217354,0.027980535279805353,0.032441200324412,0.9334955393349554,0.08556366585563666,0,0.049585635359116025,0.03271416689769892,2470.9216666666666
25017335100,1288.0,452900.0,91250.0,7.160845906664299,13.023426629544305,11.421358271444738,0.40401039732640176,0.240252506498329,0.1637578908280728,0.5959896026735982,0.20007923930269414,1,0.02119460500963391,0.040941837989808466,2373.9508333333333
25017336300,1339.0,507800.0,120436.0,7.199678345691172,13.137842948252715,11.698873770486532,0.2285485164394547,0.1744186046511628,0.0541299117882919,0.7610264635124299,0.19774718397997496,1,0.03357573882098097,0.011043708197231295,2661.7183333333332
25017337300,1585.0,398900.0,94965.0,7.368339686311381,12.896466037893498,11.461263681646336,0.5526210484193678,0.24969987995198079,0.302921168467387,0.44737895158063223,0.4021608643457383,1,0.09593272696070018,0.043897400585298674,2090.900833333333
25017338400,2660.0,986300.0,204934.0,7.886081401775745,13.801715846942084,12.230443255063612,0.0172173103769195,0.004187994416007445,0.013029315960912053,0.9827826896230805,0.01629132726401533,0,0.01814911706998038,0.00604970568999346,5169.855833333333
25017339400,1746.0,473100.0,90625.0,7.465082736399547,13.06706206161924,11.414485392156976,0.7650918635170604,0.6246719160104987,0.14041994750656167,0.23490813648293962,0.535427807486631,1,0.0986404396875904,0.18173732582270977,2479.8325
25017339500,1441.0,485100.0,85852.0,7.273092595999522,13.092110334233308,11.360380162501555,0.6341611144760751,0.47728649303452453,0.15687462144155057,0.3658388855239249,0.49902534113060426,1,0.14352350197344815,0.08058993942586253,2542.7324999999996
25017310400,1174.0,166700.0,42935.0,7.068172000388042,12.023951068738885,10.667442623106584,0.5657894736842105,0.3972039473684211,0.16858552631578946,0.4342105263157895,0.6371841155234657,1,0.43471074380165287,0.20671140939597316,873.7858333333334
25017311100,1134.0,263600.0,53203.0,7.033506484287697,12.48218808161049,10.881870064717267,0.7859495060373216,0.3907793633369923,0.3951701427003293,0.18660812294182216,0.7949640287769785,1,0.30809013668267454,0.22917437985931136,1381.7033333333331
25017311400,1297.0,248600.0,55961.0,7.167809184316444,12.423600458058747,10.932410298526829,0.7479387514723204,0.15115822536317236,0.596780526109148,0.25206124852767964,0.6944331572531491,1,0.23319148936170211,0.1663187195546277,1303.0783333333331
25017317203,788.0,357900.0,111563.0,6.669498089857879,12.788008896754118,11.62234473273877,0.24969400244798043,0.05385556915544676,0.19583843329253367,0.7503059975520195,0.1662387676508344,0,0.01077788191190253,0.040372670807453416,1875.9925
25017313101,969.0,390300.0,116331.0,6.876264611890766,12.874670953168707,11.664194855008715,0.1948673336233145,0.05698129621574598,0.1378860374075685,0.8051326663766856,0.16052631578947368,0,0.07174887892376682,0.0955620844286377,2045.8225
25021400400,1988.0,920600.0,107096.0,7.59488438721652,13.732780910365278,11.581480907465734,0.8222958057395143,0.18653421633554085,0.6357615894039735,0.17770419426048564,0.5725714285714286,1,0.051392632524708,0.07921153495163351,4825.4783333333335
25021403100,,843700.0,172500.0,8.394436495089975,13.645552260153718,12.058152515453552,0.08829742289818335,0.04055766793409379,0.04773975496408957,0.9117025771018167,0.01900972590627763,0,0.046626839574530086,0.0004371266210112196,4422.394166666666
25021403500,1937.0,697900.0,122871.0,7.5688956634069955,13.455831105005243,11.718890303511659,0.34376177911797967,0.14059555220505088,0.20316622691292877,0.6562382208820203,0.34782608695652173,0,0.08402100525131283,0.0656014748809341,3658.1591666666664
25021404202,2082.0,1008600.0,205074.0,7.641084249174914,13.824073788624762,12.23112616859428,0.16973578863090472,0.0488390712570056,0.12089671737389912,0.8190552441953562,0.14036617262423715,0,0.11390910879401928,0.03920933246921581,5286.745
25017324101,1486.0,402900.0,113581.0,7.303843225277705,12.906443671179439,11.640271517759631,0.08038740920096853,0.04116222760290557,0.03922518159806295,0.9196125907990315,0.12461851475076297,0,0.014267422718126943,0.05434173669467787,2111.8675
25017317301,1726.0,337100.0,78619.0,7.453561871643373,12.728134901222152,11.27236867948514,0.352991452991453,0.05811965811965812,0.2948717948717949,0.647008547008547,0.24518388791593695,0,0.08892295898811806,0.029821843532145623,1766.9658333333334
25017317302,1092.0,289500.0,88750.0,6.9957661563048505,12.575910575995186,11.393578707337662,0.35356303837118247,0.12803445575567737,0.2255285826155051,0.6464369616288176,0.17406962785114047,0,0.05341400172860847,0.0637856525496975,1517.4624999999999
25017320103,1460.0,560500.0,172857.0,7.286191714702382,13.236584521494352,12.060219942070988,0.15843270868824533,0.1252129471890971,0.03321976149914821,0.8415672913117547,0.1812267657992565,0,0.06504065040650407,0.021596858638743454,2937.9541666666664
25017320104,1845.0,615700.0,162610.0,7.520234556474628,13.330515110899302,11.999109974819769,0.17154811715481172,0.03379465722561957,0.13775345992919213,0.8284518828451883,0.21673891297099032,0,0.03718382095815363,0.022378441710603398,3227.2941666666666
25025160101,1435.0,289300.0,57031.0,7.268920128193722,12.575219490964226,10.95135025862775,0.8923454768726975,0.5509619320507573,0.3413835448219402,0.1076545231273025,0.7486979166666666,1,0.8395497682630766,0.1935738444193912,1516.4141666666665
25025160501,1189.0,323800.0,47366.0,7.080867896690782,12.687881320225673,10.765659950722679,0.8897795591182365,0.5771543086172345,0.312625250501002,0.11022044088176353,0.7558839627805145,1,0.7993427058608727,0.23114843892641956,1697.2516666666668
25025160502,1333.0,352100.0,51326.0,7.195187320178709,12.771670505143144,10.845952725379746,0.8204845814977973,0.44823788546255505,0.3722466960352423,0.17951541850220265,0.6259754738015607,1,0.7619407211629224,0.18037793472036648,1845.5908333333334
25025160601,1574.0,237500.0,59671.0,7.3613754289773485,12.377922902456833,10.996601419215988,0.9024390243902439,0.3527204502814259,0.549718574108818,0.07817385866166354,0.7472527472527473,1,0.5811983908532712,0.1648256443578081,1244.8958333333333
25025160602,1289.0,361100.0,62960.0,7.161622002939187,12.79691020726555,11.050254883091284,0.8237250554323725,0.5266075388026608,0.29711751662971175,0.1762749445676275,0.6206509539842873,1,0.6268819154725195,0.19193020719738277,1892.7658333333331
25025170501,1523.0,294300.0,45000.0,7.328437352895162,12.592354934221564,10.714417768752456,0.8700623700623701,0.24740124740124741,0.6226611226611226,0.12474012474012475,0.48023255813953486,1,0.33476050307733474,0.17393631255017394,1542.6224999999997
25025140105,1218.0,383200.0,97545.0,7.1049654482698426,12.856312325078843,11.488069088971361,0.3623087621696801,0.3623087621696801,0.0,0.6376912378303199,0.23644251626898047,1,0.64336697021905,0.06793010091065715,2008.6066666666666
25025170502,1050.0,373500.0,53406.0,6.956545443151569,12.83067328355501,10.885678378186986,0.6047988708539167,0.11856033874382499,0.48623853211009177,0.3952011291460833,0.4846211552888222,0,0.09465828750981932,0.1516103692065986,1957.7624999999998
25025170601,1278.0,358000.0,66026.0,7.15305163493748,12.788288265382837,11.097803882828751,0.6570831155253528,0.5321484579194982,0.12493465760585468,0.34291688447464713,0.4830230010952902,1,0.4192501802451334,0.07029560201874549,1876.5166666666667
25025170701,1191.0,323400.0,52568.0,7.0825485693553,12.686645226125144,10.869862848577704,0.5649157581764123,0.20218037661050545,0.36273538156590684,0.26560951437066405,0.5872844827586207,1,0.3841059602649007,0.17411988582302568,1695.155
25025170702,1368.0,293100.0,49968.0,7.221105098182496,12.588269126698984,10.81913807952286,0.8867603235419327,0.6424010217113666,0.2443593018305662,0.11323967645806726,0.8024085637823372,1,0.5616570327552987,0.14113680154142583,1536.3324999999998
25025180101,1182.0,364500.0,43125.0,7.074963197966044,12.80628183043085,10.67185815433366,0.8188914910226386,0.312256049960968,0.5066354410616706,0.18110850897736144,0.5579769736842105,1,0.0873015873015873,0.18170426065162906,1910.5874999999999
25025180301,1513.0,542100.0,91625.0,7.321849713788356,13.203205765248429,11.425459439188952,0.44043887147335425,0.40752351097178685,0.032915360501567396,0.5564263322884012,0.27773144286905754,1,0.06934306569343066,0.05888223552894212,2841.5074999999997
25025980101,,,,,,,,,,,,0,0.508641975308642,0.7644110275689223,
25025980300,,,,,,,,,,,,0,0.5368421052631579,0.8061674008810573,
25025980700,,,,,,,,,,,,0,,,
25027757200,874.0,151800.0,29531.0,6.773080375655535,11.930319143943667,10.293195838031854,0.8675373134328358,0.5606343283582089,0.3069029850746269,0.13246268656716417,0.8722109533468559,1,0.4887875332573166,0.3645001900418092,795.685
25027703100,819.0,134700.0,54625.0,6.70808408385307,11.810805362398455,10.90824693239789,0.3758620689655172,0.20837438423645321,0.16748768472906403,0.5733990147783251,0.38813857897827364,1,0.02177985948477752,0.13911778962675714,706.0524999999999
25027703200,861.0,152800.0,60469.0,6.7580945044277305,11.936885155714558,11.00988611600467,0.2451893234016139,0.13159528243327126,0.11359404096834265,0.749844816883923,0.22130584192439862,0,0.11555672545406687,0.18241642537509872,800.9266666666666
25027705100,1000.0,191000.0,70030.0,6.907755278982137,12.160028707028767,11.156679000649563,0.1345214141994826,0.0902558206381144,0.04426559356136821,0.8447829836159816,0.19993809965954812,0,0.024732373569582872,0.04441671865252651,1001.1583333333333
25027707400,956.0,169800.0,64957.0,6.862757913051401,12.042376552859384,11.081480791503116,0.3028798411122145,0.2999006951340616,0.0029791459781529296,0.6876861966236345,0.29118773946360155,1,0.05162400516240052,0.04482758620689655,890.035
25027710600,1187.0,182100.0,52724.0,7.079184394609668,12.1123112657157,10.872826038832356,0.579107505070994,0.41615956727518594,0.162947937795808,0.4208924949290061,0.4883534136546185,1,0.4685072142064373,0.11988795518207283,954.5075
25027715100,875.0,525500.0,155093.0,6.774223886357614,13.172105469299144,11.95178021597335,0.0690807799442897,0.05125348189415042,0.017827298050139277,0.9309192200557103,0.0697258641239571,0,0.02215431627196333,0.014323911382734911,2754.495833333333
25009252201,473.0,290700.0,74743.0,6.159095388491933,12.580047086546967,11.22181084138297,0.19215044971381848,0.06132461161079313,0.13082583810302534,0.8013082583810303,0.24047417442845045,0,0.22208398133748056,0.08398376522010616,1523.7524999999998
25009252300,1163.0,282200.0,67002.0,7.0587581525186645,12.55037131840085,11.112477748673847,0.5860349127182045,0.28428927680798005,0.30174563591022446,0.4139650872817955,0.5009777082518576,1,0.485509138381201,0.13653383257555496,1479.1983333333335
25009252601,1175.0,314300.0,65933.0,7.069023426578259,12.658103222785659,11.09639435387813,0.2626844188557035,0.024109391867578267,0.23857502698812522,0.7373155811442965,0.18999640158330336,0,0.187782495548555,0.06338028169014084,1647.4558333333332
25009253205,,599300.0,194866.0,8.052401821382535,13.303517586446276,12.18006742184266,0.017123287671232876,0.017123287671232876,0.0,0.9828767123287672,0.004344677769732078,0,0.05380249716231555,0.0056753688989784334,3141.3308333333334
25009254200,1108.0,550400.0,81644.0,7.010311867307229,13.218400565601272,11.310123611313934,0.4626121635094716,0.15254237288135594,0.3100697906281156,0.5373878364905285,0.40061951471347446,1,0.04838095238095238,0.10498812351543943,2885.013333333333
25009254401,1688.0,609200.0,136902.0,7.431299675155903,13.319901900003144,11.827020620373625,0.19375,0.0265625,0.1671875,0.80625,0.20803212851405622,0,0.08709677419354839,0.04247311827956989,3193.2233333333334
25009260100,1109.0,186500.0,30844.0,7.011213987350367,12.136186518066006,10.336697520952852,0.8957364341085271,0.3186046511627907,0.5771317829457364,0.10426356589147287,0.8557570645297343,1,0.5180425111220959,0.3061943931509149,977.5708333333333
25021419200,1509.0,434000.0,112222.0,7.319202458767849,12.980799813082541,11.628234331281243,0.2606903657908295,0.0592478104070067,0.20144255538382277,0.7393096342091705,0.2558016877637131,0,0.04053798067815874,0.06455376239548902,2274.883333333333
25021420301,1124.0,276600.0,63333.0,7.024649030453636,12.530327698212794,11.056161799302767,0.3247988295537674,0.10204828090709583,0.22275054864667154,0.6752011704462326,0.30213270142180093,0,0.456986143187067,0.10304957363780894,1449.845
25021422800,1516.0,351500.0,77781.0,7.323830566202317,12.769964990232857,11.261652464402612,0.3477801268498943,0.06871035940803383,0.27906976744186046,0.6522198731501057,0.21992378878606422,0,0.009962049335863378,0.058711671024483006,1842.4458333333332
25021442101,1385.0,403400.0,110184.0,7.233455418621439,12.907683904502248,11.609906974597168,0.1632870864461046,0.1008537886872999,0.0624332977588047,0.8367129135538954,0.1520402459474567,0,0.03867028493894165,0.03125614310988795,2114.4883333333332
25021400300,2176.0,1078200.0,123359.0,7.685243607975833,13.890803541999706,11.722854082408917,0.7792441511697661,0.4379124175164967,0.34133173365326935,0.22075584883023394,0.47206528562460764,1,0.10013972985561248,0.09135860607487638,5651.565
25021400500,2370.0,743600.0,129712.0,7.7706452341291765,13.519258534829426,11.773071887227488,0.9033171521035599,0.24919093851132687,0.654126213592233,0.09668284789644013,0.6343847179031542,1,0.06591263650546021,0.10588923556942277,3897.703333333333
25021400600,2415.0,812500.0,135893.0,7.789454566086673,13.60787119318603,11.819623090350523,0.7013574660633484,0.2502262443438914,0.451131221719457,0.2986425339366516,0.35158371040723985,1,0.11678970282036721,0.044035994639096306,4258.854166666667
25021402200,1553.0,370600.0,93920.0,7.347943823148687,12.822878592833396,11.450198635061923,0.1831626848691695,0.13651877133105803,0.04664391353811149,0.8122866894197952,0.17969661610268378,0,0.25817706061927603,0.03323130738959335,1942.5616666666665
25021408101,1093.0,416800.0,136741.0,6.996681488176539,12.940361769421294,11.825843904590085,0.07490507421470487,0.05212288574387297,0.022782188470831896,0.9250949257852952,0.030938833570412518,0,0.02539957873869409,0.048330404217926184,2184.7266666666665
25021409102,,489100.0,151193.0,7.849206481463706,13.10032224652745,11.926312445359567,0.02544132917964694,0.008826583592938734,0.016614745586708203,0.9745586708203531,0.027730616864742503,0,0.03536382151453434,0.018329938900203666,2563.6991666666668
25021410100,1088.0,438100.0,94167.0,6.992096427415888,12.99020247380199,11.452825080717266,0.34951456310679613,0.09911003236245955,0.25040453074433655,0.6440129449838188,0.30258899676375406,0,0.057171658986175114,0.07722456089417913,2296.3741666666665
25021402101,1511.0,406100.0,91477.0,7.32052696227274,12.914354713674388,11.423842853545636,0.24673629242819844,0.17885117493472585,0.06788511749347259,0.7532637075718016,0.27610966057441255,1,0.09641319942611191,0.03253671177656205,2128.6408333333334
25021402102,1530.0,389200.0,78281.0,7.333023014386481,12.871848629293988,11.268060196083502,0.4628474191718661,0.36528644356211004,0.0975609756097561,0.5371525808281339,0.3386018237082067,1,0.2524204702627939,0.1222838650023116,2040.0566666666666
25021402400,1803.0,458300.0,92442.0,7.497207223203318,13.035279270497215,11.43433669980983,0.400207540643376,0.14043583535108958,0.2597717052922864,0.5980629539951574,0.3990112994350282,0,0.2236582028280371,0.04135624144746845,2402.255833333333
25021408102,1023.0,376900.0,105163.0,6.930494765951626,12.839735179255227,11.563266806394301,0.27169062964799207,0.11650966782350025,0.15518096182449181,0.7283093703520079,0.21660457690260776,0,0.06495263870094722,0.07021276595744681,1975.5841666666665
25021409101,1236.0,477200.0,136500.0,7.119635638017636,13.075690969205898,11.824079893607152,0.035318559556786706,0.024930747922437674,0.01038781163434903,0.9646814404432132,0.056439942112879886,0,0.25697179769970063,0.020854021847070508,2501.3233333333333
25021415300,1355.0,563200.0,136607.0,7.2115567333138015,13.24139008382597,11.824863469315389,0.1039671682626539,0.05540355677154583,0.04856361149110807,0.887140902872777,0.09366197183098592,0,0.051601858645145514,0.029102470041574957,2952.1066666666666
25021417400,1264.0,559800.0,92381.0,7.142036574706803,13.23533485606349,11.433676608779873,0.11806797853309481,0.06082289803220036,0.057245080500894455,0.8819320214669052,0.24427480916030533,0,0.10390656463954893,0.07148626817447495,2934.285
25017352500,2198.0,601600.0,114180.0,7.6953031349635665,13.307348051617767,11.64553142951825,0.8771802325581395,0.5479651162790697,0.32921511627906974,0.12281976744186046,0.6383476227591582,1,0.2633528866934239,0.11948132139549243,3153.3866666666668
25017352700,1389.0,608800.0,56310.0,7.236339342754344,13.319245085529612,10.938627418248664,0.8844317096466093,0.5988538681948424,0.28557784145176696,0.11556829035339064,0.7129629629629629,1,0.1672645739910314,0.10448430493273543,3191.1266666666666
25017353400,1894.0,607700.0,79615.0,7.546446273746024,13.317436618123446,11.284957796290527,0.8593861527480371,0.4068522483940043,0.45253390435403285,0.14061384725196288,0.6377633711507293,1,0.32239001969796455,0.13690085357846357,3185.3608333333336
25017356601,1511.0,609600.0,92865.0,7.32052696227274,13.320558283354574,11.438902104621443,0.47418285172903835,0.15537659876835622,0.31880625296068216,0.5106584557081951,0.41847551741544675,1,0.07048648648648649,0.07105263157894737,3195.3199999999997
25015820802,,,,,,,,,,,,0,0.15210084033613444,,
25015820801,1334.0,325900.0,54265.0,7.195937226475569,12.694345864825653,10.901634730880115,0.48406040268456374,0.09018456375838926,0.3938758389261745,0.5159395973154363,0.4808946877912395,0,0.22729715206878023,0.23911875335840946,1708.2591666666667
25015821100,944.0,198000.0,54843.0,6.8501261661455,12.196022309676673,10.912229836775195,0.4286632390745501,0.26638817480719795,0.1622750642673522,0.5713367609254498,0.3375668449197861,1,0.10390347764371895,0.13084513084513086,1037.85
25015821300,993.0,283800.0,87537.0,6.900730664045173,12.556025043708079,11.379816840109676,0.2476763258611263,0.05303444505194095,0.19464188080918535,0.7484964461454346,0.27748992515831894,0,0.06115744250694971,0.053224960671211324,1487.585
25015820102,913.0,178400.0,40617.0,6.816735880594968,12.091783499128047,10.611941977163221,0.6146560319042872,0.41425722831505485,0.20039880358923232,0.38235294117647056,0.5781544256120528,1,0.14852899171665238,0.1861671469740634,935.1133333333332
25015820400,1271.0,,2499.0,7.147559271189454,,7.823645930834952,0.7874396135265701,0.06280193236714976,0.7246376811594203,0.21256038647342995,0.9041916167664671,0,0.10853247549019608,0.6547231270358306,
25015820700,1336.0,376700.0,67604.0,7.197435354096591,12.839204393680133,11.121422431878118,0.40062597809076683,0.1465832029212311,0.2540427751695357,0.5993740219092332,0.43473451327433627,0,0.1796214256947241,0.2994361659283125,1974.5358333333334
25015821602,926.0,329200.0,53029.0,6.8308742346461795,12.704420747785052,10.878594212702763,0.4610011641443539,0.17636786961583237,0.28463329452852154,0.5389988358556461,0.4202626641651032,1,0.10561676968556839,0.20606229143492769,1725.5566666666666
25015822000,1241.0,,70208.0,7.123672785204607,,11.159217543634902,0.7570621468926554,0.01694915254237288,0.7401129943502824,0.24293785310734464,0.9765625,0,0.12779417967102488,0.05907172995780591,
25015822402,978.0,231800.0,55145.0,6.885509670034818,12.353630209887788,10.917721358740247,0.6102775693923481,0.2959489872468117,0.3143285821455364,0.38972243060765194,0.5787401574803149,1,0.14019219898247598,0.17122899754578064,1215.0183333333332
25015820101,1078.0,194700.0,65015.0,6.982862751468942,12.17921519136029,11.08237329148542,0.08013698630136987,0.02054794520547945,0.05958904109589041,0.8726027397260274,0.1563529842548517,0,0.03629477670822156,0.13714919930236247,1020.5524999999999
25015820600,1141.0,,83958.0,7.039660349862076,,11.338071952783768,1.0,0.6216216216216216,0.3783783783783784,0.0,1.0,1,0.1516822945394374,0.265625,
25015822300,1025.0,226800.0,44943.0,6.932447891572509,12.331823850835734,10.713150299185491,0.5506028498355864,0.36061381074168797,0.18998903909389842,0.44574351479722324,0.5380047505938242,1,0.06070755704416998,0.07893626002532714,1188.81
25015820300,1218.0,409000.0,45316.0,7.1049654482698426,12.921470435024938,10.72141544999338,0.5924426450742241,0.20951417004048584,0.38292847503373817,0.407557354925776,0.6573899962391877,1,0.12999403697078116,0.3193685488767456,2143.8416666666667
25015821500,1117.0,297700.0,64619.0,7.018401799069201,12.603841547003867,11.076263764173635,0.24838898652606914,0.18453427065026362,0.0638547158758055,0.7311072056239016,0.28193548387096773,1,0.0212636695018226,0.06287970838396112,1560.4441666666664
25019950400,2117.0,1059900.0,124189.0,7.6577552711348655,13.873685122015345,11.729559877731544,0.15939499709133217,0.14950552646887724,0.009889470622454915,0.8406050029086678,0.27197802197802196,0,0.09333808336302102,0.059850374064837904,5555.642499999999
25019950500,1813.0,2000001.0,106648.0,7.502738210754851,14.508658238524095,11.577288970793512,0.009955372468245795,0.0054926192928252664,0.004462753175420529,0.9900446275317542,0.1360153256704981,0,0.03046594982078853,0.05730129390018484,10483.338575
25019950100,1852.0,1632200.0,99167.0,7.524021415206125,14.30543935601728,11.5045605766386,0.06482931412464767,0.055120576260569994,0.009708737864077669,0.9217037269025994,0.2870036101083033,0,0.055248618784530384,0.13733905579399142,8555.448333333332
25017316300,1522.0,366200.0,100134.0,7.3277805384216315,12.810934911222548,11.514264567971457,0.5294778214486243,0.04772599663110612,0.48175182481751827,0.4705221785513756,0.4886039886039886,0,0.09226694915254237,0.03834745762711864,1919.4983333333332
25017316500,1241.0,360100.0,95519.0,7.123672785204607,12.794137049636966,11.467080459559904,0.281505728314239,0.190671031096563,0.09083469721767594,0.6215220949263502,0.20699046754425782,1,0.12078152753108348,0.045011941943781004,1887.5241666666668
25017318100,,505400.0,130263.0,7.881989708872489,13.133105473936231,11.77731076269654,0.009765625,0.009765625,0.0,0.9859375,0.026498696785403997,0,0.014960746556065769,0.026958969041623464,2649.1383333333333
25017318200,1663.0,444800.0,128214.0,7.416378479192928,13.00538002191851,11.761456021874519,0.23390203632361034,0.06274078150798018,0.17116125481563016,0.7660979636763896,0.2595505617977528,0,0.056848609680741506,0.026364572605561278,2331.4933333333333
25017320102,1180.0,543100.0,167206.0,7.07326971745971,13.205048744022937,12.026981864156346,0.050412021328162866,0.02956858943286476,0.02084343189529811,0.9495879786718371,0.08872651356993737,0,0.0443519188993483,0.024660018132366273,2846.7491666666665
25017321400,2030.0,363600.0,93750.0,7.615791072035833,12.803809641285461,11.448386943832658,0.36875,0.10347222222222222,0.2652777777777778,0.63125,0.3818722139673105,0,0.0848729792147806,0.04697380307136405,1905.87
25017322400,1542.0,313000.0,86514.0,7.340835554123275,12.65395846952229,11.368061529534701,0.41812400635930047,0.24218335983041867,0.17594064652888183,0.5818759936406995,0.3042220936957779,1,0.09071413253270427,0.06969761955822432,1640.6416666666667
25017310200,1145.0,268600.0,53098.0,7.0431599159883405,12.500978563071275,10.879894541737267,0.5899782135076252,0.3577342047930283,0.23224400871459694,0.41002178649237475,0.6128731343283582,1,0.44096728307254623,0.11332357247437774,1407.9116666666666
25017311700,1165.0,242600.0,67478.0,7.060476365999801,12.399169275492087,11.119556897809296,0.49002493765586036,0.3584788029925187,0.13154613466334164,0.5099750623441397,0.4240465416936005,1,0.15002863141820957,0.20986460348162475,1271.6283333333333
25017311900,760.0,193800.0,23495.0,6.633318433280377,12.174581978438804,10.064542911536916,0.8827930174563591,0.3167082294264339,0.5660847880299252,0.1172069825436409,0.8877284595300261,1,0.3511008111239861,0.41624562767197826,1015.835
25017312400,853.0,232800.0,33144.0,6.748759547491679,12.35793499483942,10.408616983757238,0.8240469208211144,0.46725317693059626,0.3567937438905181,0.17595307917888564,0.7745302713987474,1,0.46875,0.287001287001287,1220.26
25017312502,1151.0,351800.0,83487.0,7.048386408721883,12.770818111285594,11.33244621009546,0.30475015422578655,0.07587908698334361,0.22887106724244294,0.6952498457742134,0.3023255813953488,0,0.06885245901639345,0.04876200101061142,1844.0183333333332
25017313102,1208.0,355200.0,105333.0,7.0967213784947605,12.780436290100152,11.56488203933897,0.15047879616963064,0.05471956224350205,0.09575923392612859,0.8495212038303693,0.16479925303454715,0,0.012919896640826873,0.03169681309216193,1861.84
25017314301,1302.0,343300.0,95125.0,7.171656822768514,12.746359979445783,11.462947095163987,0.25552443199502023,0.07812013694366636,0.17740429505135388,0.7444755680049797,0.21959896507115137,0,0.09131645876226233,0.07666991711360312,1799.4641666666666
25017317101,1570.0,383300.0,103361.0,7.358830898342354,12.856573251368646,11.545982993892228,0.4056927297668038,0.03635116598079561,0.36934156378600824,0.5346364883401921,0.2789092164307905,0,0.06298026216664156,0.025011300286273918,2009.1308333333334
25017317201,,446200.0,136767.0,7.757406795916826,13.00852256098057,11.82603402700024,0.0,0.0,0.0,1.0,0.0,0,0.03722854188210962,0.01585660117200965,2338.8316666666665
25017388100,1097.0,527400.0,108207.0,7.00033446027523,13.175714552901324,11.591801338311129,0.4166666666666667,0.03956228956228956,0.3771043771043771,0.5833333333333334,0.28546177640300485,0,0.0443562305833621,0.05419399378667587,2764.455
25017362100,1059.0,824100.0,171625.0,6.9650803456014065,13.622047160751475,12.053067143070272,0.05483028720626632,0.014621409921671017,0.0402088772845953,0.9451697127937336,0.0575973669775096,0,0.01619745468569225,0.029502506748939453,4319.6575
25009253201,1255.0,356300.0,88565.0,7.134890851565884,12.783528351593928,11.391492024686697,0.46765799256505575,0.13457249070631971,0.33308550185873603,0.5323420074349442,0.32297628781684384,0,0.05624404194470925,0.05057471264367816,1867.6058333333333
25009253202,1592.0,271700.0,92936.0,7.3727463664043285,12.512453795414439,11.43966636319331,0.6474009451108688,0.08978553253362413,0.5576154125772447,0.346782988004362,0.4961154273029967,0,0.2020949720670391,0.09294026377036463,1424.1608333333334
25017327101,1292.0,363600.0,133783.0,7.163946684342547,12.803809641285461,11.803974363297629,0.014760147601476014,0.007380073800738007,0.007380073800738007,0.9645756457564576,0.09557109557109557,0,0.02566633761105627,0.006910167818361303,1905.87
25017333300,1554.0,393800.0,70880.0,7.348587530927593,12.883598445187163,11.168743585278962,0.5975991649269311,0.4144050104384134,0.18319415448851775,0.4024008350730689,0.4254914394419784,1,0.19166200335758254,0.05847789591494124,2064.1683333333335
25017333501,1363.0,397600.0,102500.0,7.217443431696533,12.893201753764556,11.5376180775606,0.28928046989721,0.11502692119432208,0.17425354870288792,0.7019089574155654,0.24604743083003952,0,0.0515391380826737,0.04688877137317116,2084.0866666666666
25017337201,1337.0,465800.0,83472.0,7.198183577101943,13.051511636432378,11.332266525262174,0.5630252100840336,0.03619909502262444,0.5268261150614092,0.4369747899159664,0.3973647711511789,0,0.07802547770700637,0.030283505154639175,2441.568333333333
25017357200,2377.0,887000.0,174514.0,7.773594467360194,13.695600261291716,12.069760246632788,0.11307420494699646,0.10777385159010601,0.00530035335689046,0.8869257950530035,0.16651825467497774,0,0.04633781763826607,0.0304125263474857,4649.358333333333
25017356100,1906.0,547700.0,133929.0,7.552762084214147,13.213482970771812,11.80506508776627,0.7938071780436312,0.7811400422237861,0.012667135819845179,0.20619282195636876,0.4319571865443425,1,0.08541600759253401,0.017083201518506803,2870.8608333333336
25017356400,1491.0,654100.0,135785.0,7.307202314764738,13.391015523949305,11.818828031452203,0.28748370273794005,0.15971316818774445,0.12777053455019557,0.71251629726206,0.24077268023456364,1,0.046756583172768144,0.047784200385356454,3428.5741666666668
25017357800,1709.0,1089300.0,151484.0,7.443663683115591,13.901045846070536,11.928235287793317,0.1733430444282593,0.16678805535324107,0.0065549890750182084,0.8266569555717407,0.21539657853810265,1,0.055372110744221485,0.09385360877327212,5709.7475
25017338200,1522.0,578800.0,114655.0,7.3277805384216315,13.268712273739466,11.649682898325088,0.4954128440366973,0.20978593272171253,0.2856269113149847,0.5045871559633027,0.29908972691807545,1,0.034995206136145734,0.05235338535112006,3033.8766666666666
25023511600,1021.0,237000.0,44451.0,6.928537818164665,12.375815420117268,10.702142737876844,0.5812720848056537,0.384452296819788,0.19681978798586572,0.4120141342756184,0.5328638497652582,1,0.5371616569463138,0.17354497354497356,1242.2749999999999
25023511702,1168.0,276300.0,83214.0,7.0630481633881725,12.529242510911509,11.32917088188439,0.29867256637168144,0.0,0.29867256637168144,0.7013274336283186,0.36836283185840707,0,0.2703020792467634,0.018344519015659956,1448.2725
25023524101,1172.0,367000.0,101985.0,7.066466970136958,12.813117127036707,11.53258102262867,0.12668463611859837,0.09793351302785265,0.028751123090745734,0.8733153638814016,0.12344497607655502,0,0.05542312276519666,0.02537593984962406,1923.6916666666666
25023541100,1007.0,402700.0,103396.0,6.914730892718563,12.905947146839546,11.546321555588657,0.026449643947100712,0.02288911495422177,0.003560528992878942,0.9623601220752798,0.08337730870712401,0,0.01899764791025873,0.054640853989506064,2110.8191666666667
25023542200,1282.0,284400.0,80701.0,7.156176637480615,12.558136976911223,11.298506245754995,0.047186932849364795,0.017422867513611617,0.029764065335753175,0.7923774954627949,0.0770655798443868,0,0.03522710238345076,0.030209140201394268,1490.7299999999998
25023520201,1155.0,336600.0,75089.0,7.051855622955894,12.726650560738843,11.226429355652742,0.3837485172004745,0.2491103202846975,0.134638196915777,0.6162514827995255,0.3643649815043157,1,0.03610199444584701,0.0716990658924514,1764.345
25023521102,1302.0,282700.0,72576.0,7.171656822768514,12.552141543681682,11.19238956764737,0.4488680718188915,0.2685402029664325,0.18032786885245902,0.5511319281811085,0.3883495145631068,1,0.0472636815920398,0.09234171965717446,1481.8191666666664
25023521201,1289.0,318700.0,74303.0,7.161622002939187,12.672005500405428,11.215906606741333,0.5498442367601246,0.3317757009345794,0.21806853582554517,0.4501557632398754,0.5037468776019983,1,0.033582089552238806,0.04582294264339152,1670.5191666666667
25023522102,715.0,362300.0,97340.0,6.5722825426940075,12.800227876883168,11.485965283387445,0.1697530864197531,0.1455026455026455,0.024250440917107582,0.8302469135802469,0.12654320987654322,0,0.02855234596760728,0.03706795792285857,1899.055833333333
25023523100,1367.0,330300.0,79844.0,7.220373836723949,12.707756611378882,11.287830009930774,0.17684021543985637,0.11220825852782765,0.06463195691202872,0.8231597845601436,0.24214417744916822,0,0.0839030453697949,0.0637041640770665,1731.3225
25023524102,1417.0,327900.0,81071.0,7.256297239690681,12.700463962832739,11.303080592924797,0.13258286429018137,0.10694183864915573,0.02564102564102564,0.7504690431519699,0.15850340136054422,0,0.09923864531373064,0.07057890563045202,1718.7425
25023525101,1366.0,352900.0,76642.0,7.2196420401307355,12.773940009663361,11.24690050833765,0.43728155339805824,0.2446601941747573,0.19262135922330098,0.5627184466019417,0.3656557026911576,1,0.08357030015797788,0.11570247933884298,1849.7841666666666
25023525300,,,,,,,0.0,0.0,0.0,1.0,0.0,0,0.4301270417422868,0.0,
25023530400,1792.0,343600.0,95726.0,7.491087593534876,12.747233469092237,11.46924522288273,0.016908212560386472,0.016908212560386472,0.0,0.8530595813204509,0.059082892416225746,0,0.02536051715564396,0.019660113295568143,1801.0366666666666
25023545400,906.0,295200.0,59896.0,6.80903930604298,12.595408371708455,11.00036500391052,0.15775787344698064,0.04189540595203698,0.11586246749494365,0.8384859867090436,0.41356330850646805,0,0.0679678137305256,0.13073394495412843,1547.34
25023530600,1740.0,351400.0,110793.0,7.461640392208575,12.769680454735134,11.61541887440427,0.013771657041314972,0.009329187027987561,0.00444247001332741,0.977787649933363,0.04004004004004004,0,0.1042863455589925,0.041915085817524844,1841.9216666666664
25023542300,1184.0,291900.0,62963.0,7.076653815443951,12.584166556842206,11.050302531257236,0.58195211786372,0.3023327194597913,0.2796193984039288,0.4076120319214242,0.4611032531824611,1,0.06436656211645984,0.16574202496532595,1530.0424999999998
25023544200,1356.0,251100.0,56615.0,7.212294468500341,12.433606545145677,10.94402924674814,0.06726457399103139,0.04671150971599402,0.02055306427503737,0.5620328849028401,0.11097708082026538,0,0.0481487919346428,0.0776732845698363,1316.1825
25023503102,1054.0,514100.0,116725.0,6.960347729101308,13.150173078043595,11.667576019839137,0.1750776397515528,0.06521739130434782,0.10986024844720498,0.8249223602484472,0.16498447204968944,0,0.00423728813559322,0.03594227033028032,2694.7408333333333
25023511000,1022.0,220200.0,62879.0,6.92951677076365,12.302291503270716,11.048967523668741,0.6485998193315267,0.4101174345076784,0.23848238482384823,0.34327009936766034,0.44015080113100846,1,0.6456278763971072,0.24503311258278146,1154.215
25023530100,720.0,282600.0,50365.0,6.579251212010101,12.551787749232565,10.827051768376782,0.39877641824249166,0.047274749721913235,0.3515016685205784,0.4838709677419355,0.2815926139642239,0,0.11470451372731504,0.16379711493718008,1481.295
25023530200,1335.0,308400.0,60353.0,7.19668657083435,12.639152920671311,11.00796593531503,0.4712778429073857,0.34466588511137164,0.12661195779601406,0.5287221570926143,0.5256660168940871,1,0.08185899128597834,0.18484288354898337,1616.53
25023530700,2008.0,498600.0,100020.0,7.60489448081162,13.119559450071595,11.513125444972895,0.19275590551181102,0.028031496062992125,0.1647244094488189,0.7981102362204724,0.21532990912682734,0,0.01021021021021021,0.06381260096930533,2613.495
25023545300,1340.0,246200.0,60139.0,7.200424892944957,12.41389949273249,11.004413828535968,0.1352433764633395,0.10351201478743069,0.03173136167590881,0.8194701170671596,0.2074973600844773,0,0.010688540889883172,0.09956929313402585,1290.4983333333332
25023561100,1182.0,474100.0,80188.0,7.074963197966044,13.069173548890209,11.292129156724366,0.0741042345276873,0.017915309446254073,0.05618892508143322,0.9258957654723127,0.21041331186258722,0,0.03392156862745098,0.04773462783171521,2485.0741666666668
25023501201,,763200.0,153259.0,8.294159634052471,13.545275399116214,11.939884579643392,0.008264462809917356,0.008264462809917356,0.0,0.9849737039819685,0.035311795642374154,0,0.009601181683899557,0.014814814814814815,4000.44
25023501202,2354.0,675200.0,106546.0,7.763871287820222,13.422764222263885,11.576332095761545,0.3671753347866708,0.004360012457178449,0.3628153223294924,0.6328246652133291,0.24723618090452262,0,0.017920656634746922,0.07292679538824837,3539.1733333333336
25023502101,1388.0,303300.0,76607.0,7.23561914106675,12.622477693676672,11.246443735365446,0.47141190198366395,0.14780241151302995,0.323609490470634,0.5285880980163361,0.3965591397849462,0,0.050431832202344234,0.07942628007402838,1589.7975
25023503101,1652.0,473400.0,122391.0,7.409741954080923,13.067695976062021,11.714976116945179,0.05578684429641965,0.050374687760199835,0.005412156536219817,0.9383846794338052,0.07632263660017347,0,0.017935319870074847,0.020194887727722072,2481.405
25005652200,918.0,240500.0,64159.0,6.822197390620491,12.390475368527953,11.06911965638402,0.38301282051282054,0.37419871794871795,0.008814102564102564,0.6169871794871795,0.2726517040731505,1,0.045779685264663805,0.052411697683251046,1260.6208333333332
25005652700,758.0,225000.0,23735.0,6.630683385642372,12.323855681186558,10.074706030985418,0.8854108440469536,0.4695360536612633,0.4158747903856903,0.11458915595304639,0.8035714285714286,1,0.35214650255178626,0.3086680761099366,1179.375
25005653301,639.0,396700.0,84550.0,6.459904454377535,12.890935606502422,11.345098354326726,0.19027069438995683,0.07022361710474696,0.12004707728520989,0.8097293056100432,0.2588809946714032,0,0.010615293886377039,0.06979944946913094,2079.369166666667
25005631600,1049.0,207400.0,55947.0,6.955592608396297,12.242404574777565,10.932160092999556,0.6464523953911462,0.49302607640994545,0.15342631898120074,0.34687689508793207,0.5567790777701308,1,0.27275070894560455,0.14106666666666667,1087.1216666666667
25005631700,958.0,309900.0,100882.0,6.86484777797086,12.64400494377584,11.521706795977567,0.17981438515081208,0.06612529002320186,0.1136890951276102,0.820185614849188,0.13214581607290804,0,0.0723915592028136,0.1083446506714954,1624.3925
25005631800,1039.0,294700.0,81029.0,6.946013991099227,12.593713168725786,11.302562394270387,0.31297953964194375,0.1323529411764706,0.18062659846547316,0.5978260869565217,0.34285714285714286,0,0.015297375708822366,0.060075431034482756,1544.7191666666668
25005610204,1135.0,447500.0,119063.0,7.034387929915503,13.011431816697048,11.687408043769405,0.415929203539823,0.0903586399627387,0.3255705635770843,0.584070796460177,0.3973862536302033,0,0.0912310286677909,0.036162988115449914,2345.6458333333335
25005611101,1064.0,371000.0,115521.0,6.96979066990159,12.823957341589573,11.657207610598881,0.14387308533916848,0.049781181619256015,0.09409190371991247,0.850656455142232,0.15477560414269276,0,0.08136180034622043,0.05479984453944812,1944.658333333333
25005611102,525.0,361000.0,108177.0,6.263398262591624,12.796633237315017,11.591524053482377,0.2452253628724217,0.05042016806722689,0.19480519480519481,0.7547746371275783,0.2773109243697479,0,0.0724450194049159,0.0898534697262925,1892.2416666666666
25005611202,1665.0,311700.0,99833.0,7.417580402414544,12.64979646575543,11.511254068965794,0.20188531029065201,0.08012568735271014,0.12175962293794187,0.7529457973291438,0.10333333333333333,0,0.038630092517448464,0.04566435872073854,1633.8275
25005611201,1412.0,334100.0,112574.0,7.252762418053187,12.719195628344847,11.631366062163409,0.10707456978967496,0.07648183556405354,0.030592734225621414,0.892925430210325,0.09198813056379822,0,0.04994760740482012,0.07773109243697479,1751.2408333333333
25009263100,2013.0,557800.0,138403.0,7.607381425639791,13.231755754175525,11.837924998231356,0.06751054852320675,0.055455093429776975,0.012055455093429777,0.9095840867992767,0.08181246066708622,0,0.014189041693953285,0.06761487964989059,2923.8016666666663
25009269100,1250.0,498400.0,93000.0,7.1308988302963465,13.119158246455381,11.440354772135393,0.06679450303611377,0.024608501118568233,0.04218600191754554,0.9332054969638862,0.16654753395282346,0,0.049495093158867874,0.06862885857860732,2612.4466666666667
25009202200,1721.0,588000.0,148138.0,7.450660796211539,13.284482226880764,11.905899550733604,0.16359743040685226,0.13576017130620985,0.027837259100642397,0.8197002141327623,0.08355555555555555,0,0.019041256054785367,0.011526896090878718,3082.1
25009204600,1324.0,356800.0,86030.0,7.188412736496954,12.784930679687992,11.362451351615395,0.5432372505543237,0.5206208425720621,0.02261640798226164,0.4567627494456763,0.3946784922394678,1,0.19929314745729432,0.08580404476732771,1870.2266666666665
25009205600,749.0,306100.0,42417.0,6.618738983517219,12.631667124933504,10.65530450425995,0.3444976076555024,0.10047846889952153,0.24401913875598086,0.6555023923444976,0.532314107018763,0,0.3619128466327108,0.27702320316921336,1604.4741666666666
25009205800,1243.0,229000.0,67750.0,7.1252830915107115,12.341477282536376,11.123579738741947,0.7504409171075838,0.5873015873015873,0.16313932980599646,0.24779541446208111,0.6054794520547945,1,0.6637974683544304,0.1759493670886076,1200.3416666666665
25009207000,883.0,141100.0,28810.0,6.78332520060396,11.857224137840905,10.268477828078574,0.8347910592808552,0.1185617103984451,0.7162293488824101,0.14091350826044705,0.8998015873015873,0,0.7692307692307693,0.3176806859942834,739.5991666666667
25017341300,1675.0,381100.0,45689.0,7.423568444259167,12.850817086861952,10.72961284769053,0.8914757791963951,0.16109650769808487,0.7303792714983102,0.10852422080360495,0.8765939942410531,1,0.20634920634920634,0.18157181571815717,1997.5991666666666
25017341500,1520.0,341200.0,63125.0,7.326465613840322,12.740224094599661,11.05287216657766,0.7557736720554272,0.6426096997690531,0.11316397228637413,0.24422632794457275,0.5486670799752015,1,0.4344517468004151,0.1441957313899011,1788.4566666666667
25017342400,1456.0,404700.0,58243.0,7.283448228756631,12.910901330863958,10.972379192532934,0.8715628263139575,0.5666550643926209,0.30490776192133656,0.12843717368604246,0.6966292134831461,1,0.5553684210526316,0.19157894736842104,2121.3025
25017350300,1946.0,453000.0,87656.0,7.57353126274595,13.023647404465171,11.381175342085228,0.7182280319535221,0.44880174291938996,0.2694262890341322,0.28177196804647786,0.5909451945988881,1,0.21898305084745762,0.09472588480222068,2374.475
25017382601,1507.0,245200.0,82153.0,7.317876198626496,12.409829483044193,11.31633864136223,0.8650205761316873,0.07407407407407407,0.7909465020576132,0.13497942386831277,0.5940260832982751,0,0.06760741364785172,0.044430135222150675,1285.2566666666667
25017382602,519.0,493700.0,110592.0,6.251903883165888,13.109683324246955,11.613603032723672,0.28952991452991456,0.0405982905982906,0.24893162393162394,0.6971153846153846,0.22793719545208446,0,0.024330357142857143,0.036830357142857144,2587.8108333333334
25017383102,1098.0,250400.0,39518.0,7.001245622069476,12.43081491820808,10.584511543293763,0.7205304518664047,0.2951866404715128,0.42534381139489197,0.27946954813359526,0.9080284552845529,1,0.715258855585831,0.22507268684795623,1312.5133333333333
25017356701,1704.0,569900.0,92072.0,7.440733707389261,13.25321618582309,11.430326158648327,0.8883632923368022,0.4607379375591296,0.42762535477767266,0.11163670766319773,0.6533192834562698,1,0.06532045654082529,0.0777875329236172,2987.2258333333334
25017366201,1865.0,869000.0,228977.0,7.5310163320779155,13.67509840424753,12.341376840811053,0.008487654320987654,0.008487654320987654,0.0,0.9915123456790124,0.06612244897959184,0,0.037241379310344824,0.055724137931034486,4555.008333333333
25017383101,1302.0,229400.0,40271.0,7.171656822768514,12.343222483677406,10.603386885918606,0.7824858757062146,0.2895480225988701,0.4929378531073446,0.2175141242937853,0.7772692601067888,1,0.42539338035811175,0.2589928057553957,1202.4383333333333
25017384001,1469.0,412200.0,108281.0,7.292337176173877,12.929263947438496,11.59248497900144,0.3230769230769231,0.010256410256410256,0.3128205128205128,0.676923076923077,0.15985130111524162,0,0.1534944480731548,0.0692410119840213,2160.615
25017384002,1573.0,464900.0,68576.0,7.360739903058278,13.049577607678676,11.135697898273303,0.7408403361344538,0.006050420168067227,0.7347899159663865,0.25915966386554623,0.6585704371963914,0,0.11086837793555435,0.10071284957046243,2436.8508333333334
25017385201,1474.0,370500.0,77059.0,7.295735072749282,12.822608723718279,11.252326641194832,0.36239782016348776,0.10990009082652134,0.2524977293369664,0.6376021798365122,0.3634651600753296,0,0.06366459627329192,0.03115264797507788,1942.0375000000001
25017385202,2178.0,348600.0,112000.0,7.686162303492906,12.761680412068058,11.626254150277232,0.19962453066332916,0.15081351689612016,0.04881101376720901,0.8003754693366708,0.10288461538461538,0,0.09522597071928708,0.03480367159612443,1827.245
25017388200,944.0,309200.0,70542.0,6.8501261661455,12.641743595695404,11.163963556095796,0.2379110251450677,0.15512572533849128,0.0827852998065764,0.7125725338491296,0.3072511265874642,1,0.18110028954988155,0.06408785445009015,1620.7233333333334
25017388300,450.0,225000.0,14836.0,6.1092475827643655,12.323855681186558,9.604811938609481,0.939471007121058,0.11291963377416073,0.8265513733468972,0.06052899287894201,0.953168044077135,0,0.41698903932946485,0.5609577327143904,1179.375
25017980000,,,,,,,,,,,,0,,,
25019950307,,611800.0,100588.0,8.073044945635198,13.32416071069894,11.518788245238603,0.013888888888888888,0.0,0.013888888888888888,0.9730902777777778,0.08947368421052632,0,0.03137254901960784,0.07768924302788845,3206.851666666667
25019990000,,,,,,,,,,,,0,,,
25021411301,1198.0,541500.0,131107.0,7.088408778675395,13.202098345423183,11.783769062681817,0.13128893148059415,0.03210349784379492,0.09918543363679923,0.8687110685194058,0.10593428151054439,0,0.0342619830420488,0.01638477801268499,2838.3624999999997
25021413401,1373.0,440600.0,88030.0,7.224753405767971,12.99589271335038,11.385432944454951,0.6019543973941368,0.3700325732899023,0.23192182410423454,0.39218241042345275,0.5166666666666667,1,0.1227554684949396,0.026823683349689237,2309.478333333333
25021416101,1117.0,646800.0,147422.0,7.018401799069201,13.37979240668509,11.901054501331487,0.125,0.0625,0.0625,0.875,0.16925465838509315,0,0.07920277296360485,0.04336513443191674,3390.31
25017357100,1946.0,852200.0,121429.0,7.57353126274595,13.65557652004795,11.707085008816723,0.25072886297376096,0.07696793002915452,0.17376093294460643,0.749271137026239,0.3003554502369668,0,0.034402603440260346,0.02394235239423524,4466.948333333333
25017357700,1724.0,695100.0,73005.0,7.452402451223638,13.451810999088577,11.198283210935664,0.6649888143176734,0.5469798657718121,0.1180089485458613,0.33501118568232663,0.5040148239654108,1,0.1256774193548387,0.1167166621216253,3643.4825
25017373400,2008.0,818300.0,130547.0,7.60489448081162,13.614984296515473,11.779488594161974,0.5547038327526133,0.47804878048780486,0.07665505226480836,0.44529616724738674,0.38764880952380953,1,0.11833810888252148,0.026361031518624643,4289.255833333334
25017368101,2369.0,501900.0,111113.0,7.7702232041587855,13.126156175643025,11.618302980483556,0.4342395297575312,0.10874357090374724,0.32549595885378396,0.5657604702424688,0.48558668290702395,0,0.08052959501557633,0.13866206030150754,2630.7925
25017368400,1770.0,539300.0,84811.0,7.478734825567875,13.198027281325318,11.348180530348607,0.5971951694585119,0.18153486560186988,0.415660303856642,0.40280483054148813,0.5682875264270613,1,0.14076176957653183,0.16411014599889115,2826.8308333333334
25017369100,1460.0,546500.0,107500.0,7.286191714702382,13.21128958659873,11.585246126549855,0.20230345518277415,0.08763144717075613,0.11467200801201803,0.7976965448172258,0.16733668341708544,0,0.1358397883997733,0.03710013250047322,2864.570833333333
25017383200,1193.0,294900.0,65385.0,7.084226422097916,12.594391594803367,11.088048153340603,0.5352591333899746,0.39422259983007646,0.14103653355989804,0.4541206457094308,0.5370767252464638,1,0.35905413814561293,0.12451675257731959,1545.7675
25017387100,564.0,435700.0,123245.0,6.335054251498059,12.984709212105534,11.721929523130717,0.08406524466750313,0.01191969887076537,0.07214554579673776,0.9159347553324969,0.08406524466750313,0,0.03907935746823304,0.015104291536801727,2283.7941666666666
25017354300,2118.0,672500.0,96447.0,7.658227526161352,13.418757390458131,11.476748913651063,0.7967818831942789,0.46305125148986886,0.33373063170441003,0.2032181168057211,0.5163934426229508,1,0.17391304347826086,0.05786125416540442,3525.0208333333335
25017354700,2377.0,851100.0,146250.0,7.773594467360194,13.654284909465053,11.893072765094104,0.6763803680981595,0.39800613496932513,0.27837423312883436,0.31058282208588955,0.471872376154492,1,0.09822039698836413,0.09650924024640657,4461.1825
25017354800,2124.0,728400.0,124565.0,7.66105638236183,13.49860562683559,11.732582946999607,0.7692307692307693,0.47842401500938087,0.29080675422138835,0.23076923076923078,0.5307539682539683,1,0.0972682119205298,0.054782975136957436,3818.03
25017358100,1819.0,814300.0,175313.0,7.506042178518122,13.610084127455222,12.074328226744996,0.11175236096537251,0.09548793284365163,0.01626442812172088,0.8882476390346274,0.11953041622198506,0,0.03867302052785924,0.026832955404383976,4268.2891666666665
25017358500,1959.0,915100.0,188542.0,7.580189417944541,13.726788627903469,12.147076072722456,0.11448349307774228,0.027156549520766772,0.08732694355697551,0.8855165069222577,0.12652608213096558,0,0.013088529358298491,0.023277467411545624,4796.649166666667
25017369000,1922.0,459400.0,90368.0,7.561121589530238,13.037676569237135,11.41164550141286,0.567062818336163,0.030560271646859084,0.5365025466893039,0.432937181663837,0.11190053285968028,0,0.0971635485817743,0.22046109510086456,2408.0216666666665
25017370102,1966.0,495400.0,86319.0,7.583756300707112,13.113120796037396,11.36580501506417,0.7321958456973294,0.3545994065281899,0.3775964391691395,0.2678041543026706,0.5466941085670183,1,0.11977070374435907,0.09354799365776315,2596.721666666667
25017354500,2184.0,1184300.0,108561.0,7.688913336864796,13.984662440709586,11.595067505962271,0.7167286245353159,0.11895910780669144,0.5977695167286246,0.283271375464684,0.5706168831168831,0,0.12174251264099573,0.09957215091404123,6207.705833333333
25017332400,2524.0,508200.0,93136.0,7.8336002236611035,13.138630349868201,11.441816069511516,0.3685764914353219,0.021854695806261076,0.34672179562906086,0.6261075014766686,0.33771106941838647,0,0.05923984272608126,0.08328926493918562,2663.815
25017339100,652.0,532600.0,90433.0,6.480044561926653,13.185525952361969,11.412364524015615,0.48860156515821707,0.15787682885335147,0.3307247363048656,0.5113984348417829,0.3162774725274725,1,0.08960074280408542,0.050763844684914065,2791.7116666666666
25017311500,1290.0,270700.0,54756.0,7.162397497355718,12.508766475602393,10.910642230715403,0.5265700483091788,0.3922705314009662,0.13429951690821257,0.47342995169082125,0.494949494949495,1,0.18401682439537329,0.1496670171749036,1418.9191666666666
25017321200,1424.0,319500.0,70575.0,7.261225091971921,12.674512552799726,11.16443125312169,0.4012738853503185,0.07784854918612881,0.32342533616418967,0.5467091295116773,0.36416184971098264,0,0.183391528768787,0.03874904652936689,1674.7124999999999
25017337202,1708.0,467100.0,102775.0,7.443078374348516,13.0542986464902,11.54029741176608,0.3555240793201133,0.06704438149197356,0.28847969782813976,0.6444759206798867,0.27984150569588906,0,0.061408913534606695,0.03177878662814693,2448.3825
25027757400,925.0,187600.0,70142.0,6.829793737512425,12.14206731555426,11.158277037687414,0.40561224489795916,0.35714285714285715,0.04846938775510204,0.5943877551020408,0.35327635327635326,1,0.24037383177570093,0.08700787401574803,983.3366666666666
25027701100,707.0,196700.0,71014.0,6.561030665896573,12.18943500437715,11.170632319684012,0.3138568748324846,0.23076923076923078,0.08308764406325382,0.6783704100777271,0.29135642602784073,1,0.0442294402211472,0.12360080122540355,1031.0358333333334
25027703300,950.0,160000.0,50732.0,6.856461984594587,11.982929094215963,10.83431215418732,0.23289246693502014,0.17481311098332375,0.05807935595169638,0.7671075330649799,0.24836173001310616,1,0.03782440640530094,0.09955629506378258,838.6666666666666
25027709400,879.0,187900.0,44330.0,6.778784897685177,12.143665185401556,10.6994169277391,0.7717086834733894,0.42296918767507,0.3487394957983193,0.22829131652661064,0.6900891452543262,1,0.40096214181133655,0.2830743385132297,984.9091666666667
25027709600,939.0,170900.0,50551.0,6.844815479208263,12.048833869103682,10.830738006646618,0.657942238267148,0.2951263537906137,0.3628158844765343,0.34205776173285196,0.6207233626588465,1,0.3992831541218638,0.19023508137432188,895.8008333333332
25027710800,948.0,177700.0,37188.0,6.854354502255021,12.087852014142742,10.523741407575748,0.7383433900164564,0.4673614920460779,0.27098189797037847,0.2616566099835436,0.7342747111681643,1,0.4533066132264529,0.36341022161917685,931.4441666666667
25027722100,985.0,229700.0,68139.0,6.892641641172089,12.34452938867719,11.129305015439526,0.22315140845070422,0.1800176056338028,0.043133802816901406,0.7649647887323944,0.2180605438686506,1,0.03682975266293555,0.06170094496942746,1204.0108333333333
25027728400,1380.0,316100.0,103872.0,7.22983877815125,12.66381389820371,11.550914650874264,0.127455919395466,0.08866498740554156,0.038790931989924435,0.872544080604534,0.09359870898332437,0,0.06464924346629987,0.04734661668968238,1656.8908333333331
25027730600,996.0,281600.0,80265.0,6.903747257584598,12.548242903266024,11.293088939413515,0.30176211453744495,0.07174323473882946,0.2300188797986155,0.698237885462555,0.2691674893056927,0,0.15621933936552926,0.06073485056210584,1476.0533333333333
25027731900,1029.0,194200.0,31769.0,6.9363427358340495,12.176643834839362,10.366246250532733,0.8567828643427131,0.6430071398572028,0.2137757244855103,0.13985720285594289,0.7963263101026472,1,0.5180428134556575,0.3217070168239639,1017.9316666666667
25027732001,529.0,215500.0,19083.0,6.270988431858299,12.28071618852594,9.856553165346915,0.7955271565495208,0.050319488817891375,0.7452076677316294,0.17492012779552715,0.9669148056244831,0,0.855072463768116,0.617189559715265,1129.5791666666667
25027732202,1114.0,230600.0,57857.0,7.01571242048723,12.348439886817095,10.965729727894512,0.511204481792717,0.46568627450980393,0.04551820728291316,0.4887955182072829,0.46925329428989754,1,0.21772078111337803,0.127076654036724,1208.7283333333332
25027732700,1124.0,162500.0,32579.0,7.024649030453636,11.998433280751929,10.391423188007874,0.8292561158262606,0.5332001997004493,0.2960559161258113,0.16475287069395905,0.8576923076923076,1,0.48945147679324896,0.21920135938827529,851.7708333333334
25027736300,1088.0,236900.0,73875.0,6.992096427415888,12.375393390146877,11.2101297547084,0.08950914340712224,0.06352261790182868,0.02598652550529355,0.9037536092396535,0.1254863813229572,0,0.0821529745042493,0.037021969080553295,1241.7508333333333
25027738100,1130.0,345200.0,84444.0,7.029972911706386,12.75187923819141,11.34384387175455,0.38249336870026523,0.2647214854111406,0.11777188328912466,0.6137931034482759,0.3714768883878241,1,0.11007178594735698,0.043010752688172046,1809.4233333333332
25009208400,1762.0,447900.0,105538.0,7.474204806496124,13.012325272195392,11.566826356619027,0.25074373140671485,0.05482362940926477,0.19592010199745005,0.741606459838504,0.18572035699107522,0,0.07628471113948293,0.07320597206614224,2347.7425
25009210600,1187.0,346600.0,61433.0,7.079184394609668,12.755926656263643,11.02570242903911,0.4537861915367483,0.35412026726057905,0.09966592427616927,0.5462138084632516,0.38846825859056494,1,0.316779072143879,0.11099754701553557,1816.7616666666665
25009210900,1069.0,353200.0,73513.0,6.974478911025045,12.774789747711942,11.205217540309441,0.3809261300992282,0.22822491730981256,0.15270121278941565,0.6190738699007717,0.3302646720368239,1,0.07036870503597123,0.09646953002023836,1851.3566666666666
25009221400,1037.0,283600.0,49318.0,6.9440872082295275,12.55532007364011,10.80604440495564,0.7694251421351863,0.6822488945041061,0.08717624763108023,0.23057485786481363,0.5730717185385656,1,0.11787526111608475,0.17039689644882125,1486.5366666666666
25009221500,946.0,307300.0,43382.0,6.852242569051878,12.635579748118577,10.677799887513581,0.8259653049804141,0.5254616675993284,0.3005036373810856,0.1740346950195859,0.6574074074074074,1,0.036375661375661374,0.12814569536423842,1610.7641666666666
25009221800,1375.0,439600.0,102917.0,7.226209010100671,12.993620501511604,11.541678117117366,0.07989347536617843,0.07989347536617843,0.0,0.9201065246338216,0.09393939393939393,0,0.0011068068622025456,0.05193992490613267,2304.2366666666667
25005641400,746.0,205600.0,26250.0,6.61472560020376,12.233687812563147,10.17542126801977,0.9141818181818182,0.3869090909090909,0.5272727272727272,0.07854545454545454,0.8889823380992431,1,0.21687211093990755,0.23850687622789785,1077.6866666666667
25005641600,936.0,213300.0,45921.0,6.841615476477592,12.270454904459442,10.734677807759818,0.6554545454545454,0.5863636363636363,0.06909090909090909,0.34454545454545454,0.5314533622559653,1,0.03911735205616851,0.1354062186559679,1118.0475
25005642000,727.0,261700.0,22724.0,6.588926477533519,12.474954088518237,10.031176913677017,0.9770043505282784,0.6451211932877564,0.3318831572405221,0.011187072715972654,0.8106966924700915,1,0.20342612419700215,0.32905067808708066,1371.7441666666666
25005650300,794.0,228400.0,53539.0,6.677083461247136,12.338853756763992,10.888165639275709,0.6185834957764782,0.4762833008447043,0.14230019493177387,0.38141650422352175,0.534006734006734,1,0.12837236881114736,0.15551590841510557,1197.1966666666665
25027739500,1350.0,452800.0,126974.0,7.2078598714324755,13.023205805871111,11.751737620072378,0.051368578927634044,0.03824521934758155,0.013123359580052493,0.948631421072366,0.05606758832565284,0,0.08284714119019837,0.0446521287642783,2373.4266666666667
25027740200,1050.0,416700.0,112000.0,6.956545443151569,12.940121817410544,11.626254150277232,0.3391768292682927,0.21036585365853658,0.1288109756097561,0.6608231707317073,0.3738095238095238,1,0.0702280912364946,0.03425925925925926,2184.2025
25027743100,849.0,440800.0,124856.0,6.744059186311348,12.996346536820841,11.73491635222239,0.11781206171107994,0.07433380084151472,0.043478260869565216,0.8692145862552595,0.14731633041492195,0,0.10708359923420549,0.0349820604818042,2310.5266666666666
25027749200,1177.0,249200.0,80069.0,7.0707241072602764,12.426011065895436,11.290644041916629,0.3826839826839827,0.24632034632034633,0.13636363636363635,0.6173160173160173,0.35509628933771725,1,0.055463849455265765,0.13640125806985598,1306.2233333333334
25017317102,1755.0,380800.0,124464.0,7.470224135899966,12.850029581899348,11.731771796446555,0.14661879114302812,0.03889886295631358,0.10771992818671454,0.8467983243566727,0.17768079800498754,0,0.059267241379310345,0.05043103448275862,1996.0266666666666
25017321300,1268.0,318700.0,70737.0,7.145196134997171,12.672005500405428,11.166724053039157,0.5886038186157518,0.36634844868735084,0.22225536992840095,0.4113961813842482,0.528598971722365,1,0.253277332315133,0.048109965635738834,1670.5191666666667
25025010300,1510.0,426300.0,40446.0,7.31986492980897,12.962898602753302,10.607723030081495,1.0,0.029801324503311258,0.9701986754966887,0.0,0.8720538720538721,0,0.14763636363636365,0.5266055045871559,2234.5225
25005613901,880.0,235900.0,45762.0,6.779921907472252,12.371163265395767,10.731209331392293,0.6766513056835638,0.3771121351766513,0.2995391705069124,0.32334869431643626,0.6125330979699912,1,0.25796303578450647,0.2237514746362564,1236.5091666666665
25005613902,1136.0,268400.0,69750.0,7.035268599281097,12.500233684079664,11.152672699683611,0.3514162265962554,0.2630820931349016,0.08833413346135381,0.5976956313010081,0.2255054432348367,1,0.12960062646828505,0.09237421383647798,1406.8633333333335
25005630101,1110.0,216100.0,52741.0,7.01211529430638,12.283496542494976,10.873148420667984,0.7715112075198843,0.403470715835141,0.3680404916847433,0.2284887924801157,0.6312056737588653,1,0.1584022038567493,0.1919226786330687,1132.7241666666666
25005630102,1043.0,232400.0,58362.0,6.949856455000773,12.356215303959893,10.974420272097495,0.6496138996138996,0.28957528957528955,0.36003861003861004,0.3388030888030888,0.5544397463002114,1,0.08224603914259086,0.1035559827006247,1218.1633333333332
25005640901,834.0,230500.0,34692.0,6.726233402358747,12.348006141418841,10.454264391804346,0.9337589784517158,0.5586592178770949,0.3750997605746209,0.06624102154828412,0.7823225199811942,1,0.3222519211493485,0.28710337768679633,1208.2041666666667
25005641101,610.0,229700.0,17632.0,6.413458957167357,12.34452938867719,9.777470711952642,0.9807046979865772,0.2625838926174497,0.7181208053691275,0.01929530201342282,0.9203187250996016,1,0.26595744680851063,0.2570921985815603,1204.0108333333333
25005646103,1117.0,416100.0,86339.0,7.018401799069201,12.938680894971032,11.366036686925185,0.09373631187034603,0.049058256679807274,0.04467805519053877,0.906263688129654,0.16611452910553715,0,0.003893116262608388,0.04016988143691382,2181.0575
25005646104,1222.0,520300.0,103011.0,7.108244139731541,13.162160847278395,11.542591057625978,0.028841111693759833,0.028841111693759833,0.0,0.9711588883062402,0.14452798663324978,0,0.0033619723571161747,0.07321628688830781,2727.2391666666667
25005653203,1132.0,269900.0,75143.0,7.0317412587631285,12.505806799006097,11.227148243803411,0.23868110236220472,0.1486220472440945,0.09005905511811024,0.7588582677165354,0.25100401606425704,0,0.01389740445534437,0.10793784124317514,1414.7258333333332
25005653204,990.0,338500.0,79917.0,6.897704943128636,12.732279371334467,11.288743875080346,0.10426540284360189,0.0971563981042654,0.0071090047393364926,0.8854660347551343,0.1421608448415922,0,0.030429594272076373,0.05499103407053198,1774.3041666666666
25005653304,1410.0,493900.0,94528.0,7.251344983372214,13.110088346528716,11.456651365891052,0.008547008547008548,0.0,0.008547008547008548,0.9914529914529915,0.08662026295436968,0,0.005689001264222503,0.018147086914995225,2588.8591666666666
25005985500,1125.0,349700.0,83229.0,7.025538314638521,12.764830923051468,11.329351123769488,0.04660194174757282,0.04660194174757282,0.0,0.9533980582524272,0.09312638580931264,0,0.16760089686098656,0.05416666666666667,1833.010833333333
25005985600,1483.0,452100.0,121711.0,7.301822342137932,13.021658673282696,11.709404661086595,0.20535714285714285,0.10416666666666667,0.10119047619047619,0.7797619047619048,0.2394259818731118,0,0.06512059369202226,0.02985884907709012,2369.7575
25005990000,,,,,,,,,,,,0,,,
25007990000,,,,,,,,,,,,0,,,
25009202101,1364.0,469200.0,114083.0,7.218176838403408,13.058784395761457,11.644681532637557,0.3430232558139535,0.25813953488372093,0.08488372093023255,0.6395348837209303,0.2427307206068268,1,0.046875,0.032196969696969696,2459.39
25009215101,1106.0,631400.0,152750.0,7.00850518208228,13.355694855106028,11.936557877033842,0.1432681242807825,0.020713463751438434,0.12255466052934408,0.8509781357882624,0.17573483427141964,0,0.02028809089064719,0.10968690901449885,3309.588333333333
25009202102,1873.0,330300.0,84107.0,7.5352967024440884,12.707756611378882,11.339845076742208,0.5131677953348383,0.26674191121143714,0.24642588412340105,0.48683220466516175,0.31784841075794623,1,0.06129807692307692,0.04627921279212792,1731.3225
25009203301,1365.0,576500.0,81296.0,7.21890970761906,13.264730618691251,11.305852093833513,0.32558139534883723,0.2780586450960566,0.047522750252780584,0.6744186046511628,0.2798216276477146,1,0.0599250936329588,0.07615480649188515,3021.820833333333
25009203302,1652.0,651200.0,92905.0,7.409741954080923,13.386572093670468,11.439332744666855,0.3622426631625055,0.2558037669732808,0.10643889618922471,0.6377573368374945,0.3475836431226766,1,0.06820544811811187,0.06196714493657725,3413.373333333333
25009211401,1924.0,490100.0,83108.0,7.562161631225652,13.102364730897639,11.327896245764677,0.5336879432624113,0.08333333333333333,0.450354609929078,0.42907801418439717,0.4339975093399751,0,0.10483306093859444,0.0789349670122526,2568.940833333333
25009211402,1111.0,382700.0,103827.0,7.01301578963963,12.855006671413793,11.550481331496663,0.2609546165884194,0.14006259780907668,0.12089201877934272,0.7163536776212832,0.15729421352893236,0,0.03832641328648994,0.03577131906739061,2005.9858333333332
25009215102,1223.0,438300.0,91382.0,7.109062135687172,12.9906588864069,11.422803801505024,0.0802980132450331,0.01903973509933775,0.061258278145695365,0.9197019867549668,0.23512747875354106,0,0.00517631834357813,0.09285021028793271,2297.4225
25009220101,1298.0,556500.0,79313.0,7.168579897264035,13.229422449697736,11.28115732861339,0.27481203007518795,0.24511278195488723,0.029699248120300753,0.7210526315789474,0.2928870292887029,1,0.02477152477152477,0.06748166259168704,2916.9874999999997
25009220102,1239.0,435000.0,83110.0,7.122059881629142,12.983101310070822,11.327920310547071,0.27191298784388995,0.1471529110684581,0.12476007677543186,0.72808701215611,0.2697220135236664,0,0.006221349050425672,0.08316961362148002,2280.125
25009221901,1520.0,423100.0,79830.0,7.326465613840322,12.955363836708159,11.287654652639844,0.27681874229346487,0.11159062885326756,0.16522811344019728,0.7231812577065352,0.2600140548137737,0,0.0031279324366593683,0.07413199874882702,2217.7491666666665
25009221902,1205.0,414000.0,82108.0,7.094234845924755,12.933621252807452,11.315790732837069,0.24974670719351572,0.0972644376899696,0.1524822695035461,0.7401215805471124,0.3215322112594312,0,0.018764659890539485,0.03752931978107897,2170.0499999999997
25011040501,907.0,151600.0,55559.0,6.810142450115136,11.929000752190408,10.92520079814619,0.3526170798898072,0.2578512396694215,0.09476584022038567,0.6104683195592286,0.27369742623979915,1,0.017884130982367758,0.127455919395466,794.6366666666667
25011040502,756.0,179400.0,41276.0,6.628041376179533,12.097373228606832,10.628036496235605,0.22184493491794002,0.08545557441992077,0.13638936049801925,0.6468590831918506,0.2979274611398964,0,0.015894396551724137,0.08026208026208026,940.355
25011041501,1010.0,302200.0,79688.0,6.917705609835305,12.618844328820776,11.285874288825001,0.094211123723042,0.05959137343927355,0.034619750283768444,0.9040862656072645,0.15771349862258954,0,0.02427610412401287,0.04995566065622229,1584.0316666666668
25011041502,857.0,245700.0,57202.0,6.75343791859778,12.41186655850927,10.954344141791593,0.2798955613577023,0.22819843342036553,0.051697127937336815,0.7107049608355092,0.2707117852975496,1,0.008707124010554089,0.11034299388460515,1287.8774999999998
25009990100,,,,,,,,,,,,0,,,
25013800101,1078.0,132200.0,43337.0,6.982862751468942,11.792071206399722,10.676762052574546,0.42042042042042044,0.36996996996996995,0.05045045045045045,0.5795795795795796,0.4904290429042904,1,0.5624504885133351,0.2009506205439662,692.9483333333333
25013800102,899.0,151400.0,39052.0,6.80128303447162,11.927680619985486,10.572649370345562,0.7069616837560713,0.5634106853750674,0.14355099838100377,0.2930383162439288,0.7253521126760564,1,0.6471508379888268,0.21921787709497206,793.5883333333333
25013801902,619.0,155500.0,22234.0,6.428105272684596,11.954401010601426,10.00937792779356,0.8601478112563957,0.19101762364980102,0.6691301876065947,0.13985218874360433,0.8234519104084321,1,0.8463914630721707,0.47221430607010545,815.0791666666665
25013801901,774.0,131600.0,22917.0,6.651571873589727,11.787522297873354,10.039634272209469,0.8588607594936709,0.44050632911392407,0.41835443037974684,0.14113924050632912,0.8291457286432161,1,0.8346744696415508,0.5090012330456227,689.8033333333333
25013812001,795.0,164600.0,27120.0,6.678342114654332,12.011273567225107,10.208026742054331,0.7210327455919395,0.25440806045340053,0.46662468513853905,0.27896725440806047,0.6794117647058824,1,0.6118564742589704,0.35062893081761004,862.7783333333333
25013812002,966.0,184100.0,53889.0,6.873163834212518,12.123234367221169,10.894681654436946,0.5654205607476636,0.29854620976116303,0.26687435098650053,0.43457943925233644,0.5178571428571429,1,0.4610830958123219,0.22250639386189258,964.9908333333333
25009260402,1193.0,340800.0,106563.0,7.084226422097916,12.739051073937297,11.576491638531076,0.21716566866267464,0.07465069860279441,0.14251497005988023,0.7828343313373254,0.17826265953067105,0,0.08608321377331421,0.05363984674329502,1786.36
25009260500,1301.0,336100.0,90871.0,7.170888478512505,12.725164013713197,11.417196197360877,0.221045197740113,0.20903954802259886,0.012005649717514125,0.7584745762711864,0.17585931254996004,1,0.11912479740680713,0.0405602567843595,1761.7241666666666
25009260700,1162.0,259300.0,67375.0,7.057897937411856,12.465740971526756,11.118029308211298,0.5142703284868066,0.3721055465805062,0.1421647819063005,0.4857296715131933,0.43648573027420257,1,0.28227873053420066,0.08573734113375026,1359.1641666666667
25009265101,1073.0,421100.0,108750.0,6.9782137426306985,12.950625614150018,11.596806948950931,0.2085696282293636,0.14366729678638943,0.06490233144297416,0.7914303717706365,0.2575558475689882,0,0.035948569929152456,0.042105263157894736,2207.2658333333334
25009268200,1196.0,474200.0,104028.0,7.086737934510577,13.069384452613441,11.552415372656641,0.3686382393397524,0.14580467675378267,0.22283356258596973,0.6313617606602476,0.2169157856361648,0,0.03707659444613976,0.08838383838383838,2485.5983333333334
25009204102,1165.0,340400.0,73006.0,7.060476365999801,12.737876675681356,11.198296908533791,0.41873706004140787,0.14648033126293997,0.2722567287784679,0.5574534161490683,0.3191135734072022,0,0.19597288676236044,0.0931214303451701,1784.2633333333333
25009264100,1337.0,390700.0,97109.0,7.198183577101943,12.875695281043162,11.48358933793472,0.15501022494887526,0.10388548057259714,0.05112474437627812,0.8449897750511247,0.15244932432432431,0,0.058379019113942804,0.02504074677730034,2047.9191666666666
25009265102,2129.0,484500.0,141034.0,7.663407664893479,13.090872710312958,11.856756275043766,0.15041782729805014,0.02562674094707521,0.12479108635097493,0.8495821727019499,0.15424610051993068,0,0.06138900372054568,0.009301364200082679,2539.5875
25009203200,1333.0,688400.0,100958.0,7.195187320178709,13.442125343319521,11.522459867753149,0.2266597510373444,0.16701244813278007,0.05964730290456432,0.7733402489626556,0.19761775852734165,1,0.02948663555366992,0.04285108188375053,3608.3633333333332
25009204101,1145.0,320600.0,57316.0,7.0431599159883405,12.67794951915759,10.956335095836494,0.7226762002042901,0.5510725229826353,0.17160367722165476,0.2773237997957099,0.49087893864013266,1,0.24797339430471835,0.2240019714144899,1680.4783333333332
25009204500,1351.0,293800.0,83594.0,7.208600337960199,12.590654542721914,11.33372702616225,0.7934115019542155,0.3193746510329425,0.474036850921273,0.20658849804578447,0.5412339645693341,1,0.08305547135495604,0.09817629179331307,1540.0016666666668
25009204701,1171.0,350500.0,69244.0,7.065613363597717,12.767115985456782,11.14539177769662,0.5504789977892409,0.13596168017686072,0.41451731761238025,0.4447310243183493,0.476038338658147,0,0.2590290609776583,0.14732067864942047,1837.2041666666667
25009205300,1264.0,314700.0,100644.0,7.142036574706803,12.659375083052499,11.519344816772412,0.08547557840616966,0.06812339331619537,0.017352185089974295,0.9145244215938303,0.12867898699520877,0,0.19636635141861622,0.04771421433924557,1649.5525
25009205700,1353.0,279300.0,81250.0,7.210079628170788,12.540041751933268,11.305286100191983,0.38759213759213756,0.3495085995085995,0.038083538083538086,0.6124078624078624,0.21952776005105296,1,0.456725755995829,0.05585888282234355,1463.9974999999997
25009206900,788.0,229300.0,22340.0,6.669498089857879,12.342786468845995,10.014134072623191,0.9219640508548882,0.09031126698816308,0.8316527838667251,0.07803594914511179,0.8117477130476649,0,0.6069544364508394,0.3347836596567561,1201.9141666666667
25009210700,1058.0,288800.0,53032.0,6.964135612418245,12.573489686000809,10.878650783921227,0.6862202545655783,0.4338682899833979,0.2523519645821804,0.3137797454344217,0.5856980703745743,1,0.3850779510022272,0.2117673478553784,1513.7933333333333
25009217202,1370.0,388900.0,96741.0,7.222566018822171,12.871077520143839,11.479792583309283,0.17805519053876478,0.12943495400788435,0.04862023653088042,0.8219448094612353,0.15889114266396215,0,0.025361330788110172,0.041178074720479955,2038.4841666666664
25009221700,1134.0,299100.0,51821.0,7.033506484287697,12.60853324461804,10.855550751498411,0.5794053662073967,0.485859318346628,0.09354604786076867,0.4205946337926033,0.4927975739196361,1,0.04022795843110962,0.0771035869929601,1567.7825
25009223100,905.0,522400.0,75172.0,6.807934943699926,13.166188856944359,11.227534100176491,0.2613412228796844,0.12130177514792899,0.14003944773175542,0.7258382642998028,0.31839080459770114,0,0.052277316580659636,0.0788457168825267,2738.2466666666664
25009251500,1149.0,224000.0,40664.0,7.046647277848756,12.319401330837177,10.61309845912674,0.6610935381834614,0.40894713059195664,0.25214640759150475,0.33890646181653866,0.8002958579881657,1,0.8215363971821537,0.16672257631667226,1174.1333333333334
25013810414,1194.0,281700.0,90703.0,7.085064293952548,12.548597953864464,11.415345711631199,0.11133440514469453,0.09163987138263666,0.01969453376205788,0.8762057877813505,0.16900826446280992,0,0.1554882247624294,0.045178896300788356,1476.5775
25013812901,937.0,198700.0,71509.0,6.842683282238422,12.199551428539909,11.17757859488649,0.26438455935906774,0.20029133284777859,0.06409322651128915,0.7356154406409323,0.22517058377558757,1,0.02667049039288787,0.032692859191281905,1041.5191666666667
25013801800,960.0,98600.0,30234.0,6.866933284461882,11.498826540590727,10.316722397908654,0.6291476903057905,0.4567338972023422,0.1724137931034483,0.3708523096942095,0.7175324675324676,1,0.9275433032446938,0.39275246469491076,516.8283333333333
25013811700,552.0,105700.0,16370.0,6.313548046277095,11.568360171858329,9.70320567036518,0.9020912547528517,0.2214828897338403,0.6806083650190115,0.0979087452471483,0.835820895522388,1,0.7753694581280788,0.4753694581280788,554.0441666666667
25001014002,1295.0,349600.0,71250.0,7.166265974133638,12.764544922763518,11.173950098130897,0.12465459011360147,0.028246852932146148,0.09640773718145533,0.8661344795824378,0.2879920279023418,0,0.05079658277534057,0.059763724808895066,1832.4866666666667
25001014402,1484.0,353100.0,93468.0,7.302496423727326,12.774506581916478,11.445374410707949,0.0700238379022646,0.05601907032181168,0.01400476758045292,0.9299761620977354,0.10490353697749197,0,0.0788369738174454,0.06215104319717896,1850.8324999999998
25011040701,876.0,198600.0,39145.0,6.775366090936392,12.19904803059321,10.575027979342014,0.5547843331680714,0.37580565195835397,0.1789786812097174,0.4452156668319286,0.529608938547486,1,0.12493690055527511,0.1643155694879833,1040.995
25011040300,827.0,237200.0,72083.0,6.717804695023691,12.376658946105707,11.185573511837868,0.143256464011181,0.09713487071977638,0.04612159329140461,0.856743535988819,0.1952998379254457,0,0.03670337003670337,0.0354251012145749,1243.3233333333333
25003935300,723.0,133800.0,46069.0,6.583409222158765,11.804101426676265,10.737895551594969,0.5119921683798335,0.37591776798825255,0.136074400391581,0.48262359275575134,0.4128073184676958,1,0.06663482206830666,0.1602155805977462,701.335
25017383502,1364.0,366100.0,82115.0,7.218176838403408,12.810661799108328,11.315875982771662,0.3896583564173592,0.13019390581717452,0.2594644506001847,0.6103416435826408,0.3212058212058212,0,0.12887029288702928,0.0853717026378897,1918.9741666666666
25017322200,1212.0,370200.0,84574.0,7.10002716662926,12.821798679121533,11.345382169754,0.32283915283342873,0.17229536348025187,0.1505437893531769,0.6771608471665712,0.2610271903323263,1,0.05665086099326179,0.04567007736461193,1940.465
25017311800,1132.0,285000.0,45739.0,7.0317412587631285,12.560244459250788,10.73070660463555,0.6814671814671814,0.5627413127413128,0.11872586872586872,0.3185328185328185,0.5758483033932136,1,0.22254875768100454,0.16555228670767586,1493.875
25017318400,1853.0,564700.0,141932.0,7.52456122628536,13.244049895660929,11.863103348647554,0.22504767959313413,0.012714558169103624,0.21233312142403052,0.7749523204068659,0.27568602425015953,0,0.015530047265361242,0.02903443619176232,2959.9691666666663
25017368600,1304.0,454900.0,80445.0,7.1731917424865985,13.027832893558095,11.295329000085136,0.8375394321766562,0.5800473186119873,0.2574921135646688,0.16246056782334384,0.6476767676767676,1,0.2878101793153414,0.1791342148161565,2384.4341666666664
25017383400,1178.0,319200.0,59359.0,7.071573364211532,12.67357314455779,10.991359031338174,0.6138653768641676,0.3031035872632003,0.31076178960096734,0.3861346231358323,0.5875754961173425,1,0.23566772522146082,0.12357640659527452,1673.14
25017350600,2159.0,653400.0,152689.0,7.677400430514807,13.389944778149108,11.936158451938743,0.8491773308957953,0.819926873857404,0.029250457038391225,0.15082266910420475,0.5895895895895896,1,0.09141560049525382,0.1199021207177814,3424.905
25017354400,2320.0,862900.0,149479.0,7.749322464660356,13.6680540884964,11.914911193718869,0.693069306930693,0.6398514851485149,0.053217821782178217,0.3069306930693069,0.35316946959896506,1,0.15242242787152968,0.06794520547945206,4523.034166666666
25021417602,1266.0,438300.0,74730.0,7.143617602704121,12.9906588864069,11.221636896924336,0.5402010050251256,0.20728643216080403,0.33291457286432163,0.45979899497487436,0.49064171122994654,1,0.07257267154439391,0.06309335443037975,2297.4225
25021418200,1921.0,379900.0,91486.0,7.560601162768557,12.847663339175718,11.423941234092602,0.5325217391304348,0.1554782608695652,0.3770434782608696,0.46747826086956523,0.4957081545064378,1,0.1790288948465892,0.05313432835820896,1991.3091666666667
25021419400,1114.0,362000.0,94174.0,7.01571242048723,12.799399490807907,11.452899413974531,0.27251908396946567,0.216793893129771,0.055725190839694655,0.7274809160305343,0.2839016653449643,1,0.06155245603395998,0.09490600363856883,1897.4833333333333
25021420302,1393.0,322000.0,74141.0,7.239214973779806,12.682306824526545,11.213723964609445,0.3263014630826812,0.09765226267437904,0.22864920040830214,0.6736985369173188,0.32602739726027397,0,0.5198515769944342,0.09763201215651514,1687.8166666666666
25021440100,1361.0,332500.0,98280.0,7.215975002651466,12.714395139078047,11.495575826635115,0.2479917076962944,0.10754081368230112,0.14045089401399327,0.6115573982897123,0.2443820224719101,0,0.015074823943661973,0.050946302816901406,1742.8541666666667
25021400800,2313.0,712500.0,100046.0,7.746300662231439,13.476535191124942,11.513385359202662,0.924282982791587,0.19158699808795412,0.7326959847036328,0.075717017208413,0.5473684210526316,1,0.05564677978471082,0.11729925615105856,3734.6875
25021404400,796.0,1275100.0,176071.0,6.679599185844383,14.058535164871634,12.078642601763628,0.3379810373675404,0.1121026213050753,0.22587841606246514,0.6620189626324595,0.30303030303030304,0,0.09454983438723276,0.04202279202279202,6683.649166666666
25021414200,,576600.0,170083.0,8.013788299122696,13.264904064186439,12.044041832178445,0.033753558357055714,0.018300122000813338,0.015453436356242375,0.9662464416429443,0.0071912013536379014,0,0.06232631996824137,0.008733624454148471,3022.345
25021412100,1112.0,689600.0,157093.0,7.013915474810528,13.44386699833162,11.964593265644373,0.1161236424394319,0.0,0.1161236424394319,0.8671679197994987,0.15649520488230165,0,0.02112884160756501,0.026300236406619385,3614.653333333333
25021412300,2182.0,679800.0,155987.0,7.687997166393016,13.429553916244153,11.957527949425925,0.17625523012552302,0.06799163179916318,0.10826359832635983,0.823744769874477,0.13896931094383325,0,0.055414634146341464,0.021756174049392396,3563.285
25021415102,1673.0,399800.0,86987.0,7.422373700986824,12.898719701048437,11.373513961184294,0.47381477398015437,0.12761852260198456,0.3461962513781698,0.5261852260198456,0.3631713554987212,0,0.13016285107387301,0.08201557705924002,2095.6183333333333
25021417801,1335.0,417700.0,107139.0,7.19668657083435,12.942518750485267,11.581882335809164,0.16710875331564987,0.1304155614500442,0.03669319186560566,0.8328912466843501,0.196549921589127,0,0.07695542472666106,0.04310344827586207,2189.4441666666667
25021417901,1295.0,331700.0,53691.0,7.166265974133638,12.711986224935144,10.891000668685518,0.8279952550415184,0.1797153024911032,0.6482799525504152,0.15954922894424675,0.7801847722204523,1,0.08063814358230602,0.13643636363636363,1738.6608333333334
25021422600,1618.0,352500.0,93496.0,7.388946097618437,12.772805901234461,11.445673933612992,0.11940864291129644,0.10083396512509477,0.018574677786201668,0.8805913570887035,0.07505070993914807,0,0.04611479340008461,0.017204907629389365,1847.6875
25021422700,1291.0,348900.0,77434.0,7.1631723908466425,12.762540627174866,11.257181239609936,0.2410993129294191,0.15427857589006871,0.0868207370393504,0.7589006870705809,0.18056467498358503,1,0.04159733777038269,0.07089241034195162,1828.8174999999999
25021441202,1167.0,517100.0,156591.0,7.062191632286556,13.155991558384313,11.961392589622935,0.01310483870967742,0.007056451612903226,0.006048387096774193,0.9798387096774194,0.0257201646090535,0,0.03350854139290407,0.050919842312746384,2710.465833333333
25021443101,1347.0,267500.0,98574.0,7.205635176410364,12.496874845318198,11.498562814134392,0.16813324952859837,0.021370207416719043,0.14676304211187932,0.8318667504714017,0.17889753128170444,0,0.05110143442622951,0.02529664884600339,1402.1458333333333
25021456102,1220.0,336200.0,68163.0,7.106606137727303,12.725461499956653,11.129657174619114,0.46283783783783783,0.23166023166023167,0.2311776061776062,0.5371621621621622,0.46917450365726227,1,0.2007843137254902,0.06309335443037975,1762.2483333333332
25021457100,1087.0,309300.0,69868.0,6.99117688712121,12.64206695867316,11.154363026548284,0.1812117843246248,0.12117843246247915,0.06003335186214564,0.8082267926625903,0.26801517067003794,0,0.19567157518964748,0.10235162374020157,1621.2474999999997
25017314102,1297.0,266400.0,81219.0,7.167809184316444,12.492754217648372,11.304904488926127,0.319430652101953,0.05494869248593181,0.26448195961602117,0.680569347898047,0.21730245231607628,0,0.08874033294009699,0.0960073548726031,1396.3799999999999
25017315200,1852.0,383500.0,95679.0,7.524021415206125,12.857094899789448,11.468754117624824,0.33296763576522215,0.06747120131651124,0.2654964344487109,0.6371365880416895,0.26801552106430154,0,0.04845348700458662,0.07645369705671214,2010.1791666666666
25017321100,1538.0,384800.0,88375.0,7.338238150065589,12.860478997773688,11.389344403198875,0.39308578745198464,0.005441741357234315,0.38764404609475034,0.5329705505761844,0.4503424657534247,0,0.08172514619883041,0.044615157334909145,2016.993333333333
25017331102,1788.0,435300.0,110052.0,7.488852955733459,12.98379072754039,11.608708260346944,0.08452888716556806,0.03528499418379217,0.04924389298177588,0.9081039162466072,0.13695911075823738,0,0.08352573679206846,0.01125809175344779,2281.6974999999998
25017332100,2158.0,532700.0,135436.0,7.67693714581808,13.185713692905091,11.816254482998188,0.0,0.0,0.0,0.9888320148906468,0.03011764705882353,0,0.007139602005164818,0.007747227707732037,2792.2358333333336
25017333502,1278.0,440200.0,86053.0,7.15305163493748,12.994984448074499,11.36271866448345,0.5356652949245542,0.4053497942386831,0.13031550068587106,0.46433470507544583,0.4604261796042618,1,0.13380716934487022,0.026366559485530548,2307.3816666666667
25017335400,1460.0,469400.0,112566.0,7.286191714702382,13.05921056239906,11.631294995271666,0.2085670576236614,0.11218765935747067,0.09637939826619071,0.7914329423763387,0.1619244697361614,0,0.04783893609161433,0.045791373741212234,2460.438333333333
25017336401,1525.0,413200.0,69219.0,7.329749689041512,12.93168701622762,11.145030670393274,0.6673684210526316,0.088,0.5793684210526315,0.33263157894736844,0.6693051890941073,0,0.1649632052330335,0.06745707277187245,2165.8566666666666
25017339700,1542.0,475000.0,72951.0,7.340835554123275,13.071070083016778,11.197543261876168,0.649577804583836,0.6079613992762364,0.04161640530759952,0.3365500603136309,0.5793237971391417,1,0.24701397712833545,0.08310038119440914,2489.7916666666665
25017352300,2609.0,732100.0,103008.0,7.866722285136729,13.503672395634734,11.542561934098535,0.9042863087806908,0.26133999167707034,0.6429463171036205,0.07865168539325842,0.8510739856801909,1,0.1927980317602326,0.17517921146953405,3837.424166666666
25017353200,1970.0,803400.0,102891.0,7.585788821732034,13.596608000907318,11.54142545444013,0.8210197710718002,0.3465140478668054,0.4745057232049948,0.17898022892819979,0.6928532460447354,1,0.1770853125593768,0.17989417989417988,4211.155
25017310100,904.0,188400.0,31194.0,6.806829360392176,12.1463226411244,10.347981047611771,0.9770265835247784,0.07548408270429931,0.9015425008204792,0.02297341647522153,0.7958008804605486,0,0.3302088472290742,0.2802168021680217,987.5299999999999
25023506102,1475.0,581100.0,83824.0,7.29641326877392,13.272678138063197,11.336474641648001,0.3433709744876621,0.015056461731493099,0.32831451275616896,0.6566290255123379,0.32269197584124243,0,0.02207989212877128,0.14413351314902226,3045.9324999999994
25023510400,1156.0,233300.0,36671.0,7.052721049232323,12.360080458009522,10.509741530941705,0.7721088435374149,0.6462585034013606,0.12585034013605442,0.22789115646258504,0.6565096952908587,1,0.5412126292260407,0.27354009499860293,1222.8808333333334
25027708100,1132.0,281800.0,98714.0,7.0317412587631285,12.548952878446716,11.499982059334299,0.03974151857835218,0.019063004846526656,0.020678513731825526,0.9602584814216478,0.08333333333333333,0,0.03600782778864971,0.021076057075533446,1477.1016666666665
25027710700,586.0,143800.0,18234.0,6.373319789577012,11.876178724269083,9.811043262144848,0.9612842304060434,0.3059490084985836,0.6553352219074599,0.03871576959395656,0.9096109839816934,1,0.427594070695553,0.3865979381443299,753.7516666666667
25027725100,842.0,246900.0,73599.0,6.7357800142423265,12.41673867533327,11.206386717668142,0.30230326295585414,0.1833013435700576,0.11900191938579655,0.6976967370441459,0.2959912136188907,1,0.0163727959697733,0.062211013030685165,1294.1675
25027711100,927.0,246300.0,80250.0,6.831953565565855,12.414305584108629,11.292902040992262,0.1694495980210266,0.030303030303030304,0.1391465677179963,0.8132343846629561,0.15379746835443037,0,0.06634882796980532,0.04984119227950159,1291.0224999999998
25027719100,1314.0,340700.0,107348.0,7.1808311990445555,12.738757603649058,11.58383117248596,0.09065743944636678,0.07508650519031142,0.015570934256055362,0.9093425605536333,0.120508166969147,0,0.05104321907600596,0.031534338776018946,1785.8358333333333
25027726100,1283.0,274400.0,89173.0,7.1569563646156364,12.522342174833867,11.3983335821651,0.09087509349289453,0.06955871353777113,0.02131637995512341,0.9091249065071054,0.08225469728601252,0,0.03205541237113402,0.04303880013042061,1438.3133333333333
25027730200,1191.0,228000.0,66735.0,7.0825485693553,12.337100907936577,11.108484831908251,0.30034390523500193,0.14711501719526174,0.15322888803974016,0.6996560947649981,0.25343053173241853,0,0.149384558000746,0.08776896942242356,1195.1
25027730300,1078.0,224400.0,55319.0,6.982862751468942,12.321185452630678,10.920871708970335,0.5039333641832485,0.36603424340583063,0.13789912077741787,0.4960666358167515,0.48104508196721313,1,0.22589359933499584,0.10257501596084273,1176.23
25005645102,649.0,299200.0,86667.0,6.47543271670409,12.60886752508246,11.369828467476005,0.06973564266180492,0.038742023701002735,0.03099361896080219,0.9302643573381951,0.13261480787253982,0,0.0132907133243607,0.03573251659009699,1568.3066666666666
25005650201,983.0,229900.0,82500.0,6.890609120147166,12.345399710751273,11.320553572322773,0.26264150943396225,0.1350943396226415,0.12754716981132075,0.7373584905660377,0.32892561983471075,0,0.08002623811085602,0.10954411282387667,1205.0591666666667
25005650202,781.0,219200.0,58768.0,6.660575149839686,12.297739834055998,10.981352768059448,0.31822971548998946,0.2982086406743941,0.020021074815595362,0.6543730242360379,0.350109409190372,1,0.06848681166126794,0.0893105043961129,1148.9733333333334
25005651002,990.0,233400.0,70764.0,6.897704943128636,12.360508998834593,11.167105675788504,0.37097791798107255,0.30725552050473187,0.06372239747634069,0.6290220820189274,0.39110225763612216,1,0.30356246864024083,0.1645111226073461,1223.405
25005651300,836.0,200800.0,26101.0,6.728628613084702,12.210064666799711,10.169728906753061,0.8639774859287055,0.550656660412758,0.3133208255159475,0.13602251407129456,0.770193401592719,1,0.31886982845610495,0.3048128342245989,1052.5266666666666
25017312100,1144.0,221100.0,37961.0,7.042286171939743,12.306370366845538,10.544314595896374,0.8087167070217918,0.46731234866828086,0.3414043583535109,0.1864406779661017,0.6577355229040622,1,0.28284098051539913,0.27561282212445004,1158.9325
25017312300,1211.0,233700.0,74115.0,7.099201743553092,12.36179352052695,11.21337321994796,0.37787787787787785,0.16266266266266266,0.21521521521521522,0.6221221221221221,0.2717895822588963,1,0.12019593067068576,0.08405296488198043,1224.9775
25017314101,1392.0,317700.0,91750.0,7.238496840894365,12.668862820257608,11.426822765916818,0.2488421052631579,0.048842105263157895,0.2,0.7511578947368421,0.23578947368421052,0,0.1153092639238735,0.08400281888653982,1665.2775
25017314200,842.0,316100.0,71235.0,6.7357800142423265,12.66381389820371,11.173739549651332,0.3468063872255489,0.1601796407185629,0.18662674650698602,0.6531936127744511,0.2231578947368421,1,0.16185199841709538,0.05087094220110847,1656.8908333333331
25017316102,974.0,405400.0,108138.0,6.881411303642535,12.912629513000036,11.59116346822086,0.1558872305140962,0.06053067993366501,0.09535655058043117,0.8441127694859039,0.17,0,0.028003482298316888,0.03640069889341875,2124.971666666667
25017316201,1836.0,384000.0,97841.0,7.515344571180436,12.858397831569864,11.491098991077424,0.04206241519674356,0.036635006784260515,0.005427408412483039,0.9579375848032564,0.03776223776223776,0,0.05907074480504319,0.046696240952603316,2012.8
25017317103,1708.0,442500.0,139157.0,7.443078374348516,13.00019574343012,11.843358071114562,0.015262860373092142,0.015262860373092142,0.0,0.9847371396269079,0.04130308318789994,0,0.02638138761944329,0.03476993545700604,2319.4375
25017325100,1015.0,320600.0,84917.0,6.922643891475888,12.67794951915759,11.349429587826233,0.39259877573734003,0.17946577629382304,0.21313299944351696,0.6032276015581525,0.3941041785918718,1,0.09062693978895096,0.11033449825262107,1680.4783333333332
25017330100,2293.0,548400.0,153148.0,7.737616282857904,13.214760226670297,11.939160053083258,0.028796708947548853,0.011655810764484058,0.017140898183064794,0.9712032910524512,0.03240418118466899,0,0.021224031443009547,0.0386299831555306,2874.53
25017353800,2198.0,544500.0,83433.0,7.6953031349635665,13.207623221355153,11.331799193538021,0.9198728139904611,0.1723370429252782,0.7475357710651829,0.08012718600953896,0.7214647448383327,1,0.14912654452492544,0.15744773519163763,2854.0874999999996
25017354100,2171.0,1114500.0,109505.0,7.682943169878292,13.92391643180806,11.603725489296668,0.8211143695014663,0.08973607038123167,0.7313782991202346,0.17888563049853373,0.572822299651568,0,0.11733800350262696,0.08144616607071911,5841.837500000001
25017358600,2537.0,810500.0,186250.0,7.838737559599282,13.605406620157869,12.134845136241806,0.1845949535192563,0.0903054448871182,0.09428950863213811,0.8154050464807437,0.16263310745401743,0,0.007972097658196313,0.028068427171566185,4248.370833333333
25017359100,1811.0,612000.0,125152.0,7.501634457883413,13.324487561494463,11.73728427755524,0.3352229780801209,0.02985638699924414,0.30536659108087677,0.6647770219198791,0.3203342618384401,0,0.09872417982989064,0.03314829500396511,3207.8999999999996
25017365100,,733500.0,183988.0,8.25446711150143,13.505582876565173,12.122625817073072,0.009604728481714075,0.009604728481714075,0.0,0.9903952715182859,0.030393996247654785,0,0.0469790382244143,0.0376078914919852,3844.7625000000003
25017367200,1743.0,1319600.0,157923.0,7.463363045520021,14.092839218336563,11.969862851447354,0.14705882352941177,0.06308049535603716,0.08397832817337461,0.8529411764705882,0.15211267605633802,0,0.08063467290935102,0.08345282477774592,6916.903333333333
25017373900,2394.0,1073200.0,159525.0,7.780720886117918,13.886155397533607,11.979955928736548,0.31301115241635685,0.07695167286245354,0.23605947955390336,0.6869888475836431,0.1597751906864713,0,0.08688297708749808,0.0382538948017893,5625.356666666667
25017382100,1536.0,501600.0,121591.0,7.336936913707618,13.125558268300848,11.7084182326172,0.05448717948717949,0.024572649572649572,0.029914529914529916,0.9417735042735043,0.07734204793028322,0,0.07122452866120739,0.010661401776900297,2629.22
25017382200,1686.0,590800.0,118897.0,7.430114138561801,13.289232829639362,11.686012851073762,0.2833800186741363,0.18674136321195145,0.09663865546218488,0.7166199813258637,0.2176039119804401,1,0.07249310027598896,0.03532658693652254,3096.7766666666666
25017382500,1757.0,476500.0,100580.0,7.471363088187097,13.074223002076394,11.518708709725956,0.43173117822203316,0.12930667800935772,0.3024245002126755,0.5508294342832837,0.40362923001471307,0,0.06162294081757169,0.02696629213483146,2497.6541666666667
25017383501,1514.0,339800.0,46125.0,7.322510433997394,12.736112488219968,10.739110381342828,0.6586327782646801,0.1765994741454864,0.4820333041191937,0.3413672217353199,0.7635782747603834,1,0.367093674939952,0.15122342559165664,1781.118333333333
25017338500,1763.0,956300.0,186793.0,7.47477218239787,13.770826950337634,12.137756330841336,0.14278959810874706,0.07990543735224587,0.06288416075650118,0.8425531914893617,0.10265398097145718,0,0.02117039586919105,0.03838209982788296,5012.605833333333
25017341600,1638.0,390500.0,70711.0,7.401231264413015,12.875183248261878,11.166356426769534,0.5268691588785047,0.33216510903426794,0.19470404984423675,0.47313084112149534,0.4531685930649661,1,0.2584968884633796,0.21681345076060848,2046.8708333333334
25017341700,1329.0,368100.0,68526.0,7.192182058713246,12.816109919367113,11.134968514278661,0.4567606306736742,0.31581462016244627,0.1409460105112279,0.5432393693263259,0.4350453172205438,1,0.3447709436028472,0.14546450082131776,1929.4574999999998
25017341800,1047.0,357900.0,35977.0,6.953684210870537,12.788008896754118,10.490635124372883,0.7386591730228824,0.41509433962264153,0.3235648334002409,0.26134082697711764,0.6550324675324676,1,0.3945677570093458,0.31994742990654207,1875.9925
25017351500,1716.0,436600.0,77539.0,7.447751280047908,12.98677272309798,11.258536314572247,0.9077954735959766,0.36043587594300086,0.5473595976529757,0.08382229673093043,0.7068201948627104,1,0.27034764826175867,0.15787321063394683,2288.5116666666668
25017354200,2525.0,1414900.0,167375.0,7.83399634170946,14.162569415184043,12.027992082993473,0.4607366226546213,0.30437804030576787,0.15635858234885336,0.5392633773453788,0.271356783919598,1,0.06105324074074074,0.01085680751173709,7416.434166666666
25017354900,1364.0,719800.0,71250.0,7.218176838403408,13.486728674627068,11.173950098130897,0.8616623526028185,0.13862525165372447,0.723037100949094,0.1383376473971815,0.8285628201265441,0,0.46853774189414327,0.2506728181468666,3772.9516666666664
25017355000,1484.0,639300.0,99453.0,7.302496423727326,13.368129106754818,11.507440449739654,0.8531289910600255,0.45977011494252873,0.3933588761174968,0.1392081736909323,0.5218525766470972,1,0.1610758537322454,0.11786038077969176,3350.9975
25017357500,2081.0,732600.0,110500.0,7.640603826393634,13.504355129326852,11.612770799939945,0.6067039106145251,0.5307262569832403,0.07597765363128492,0.39329608938547483,0.4197674418604651,1,0.06709856547894494,0.07866728366496992,3840.045
25017357600,1887.0,520100.0,90096.0,7.54274354536855,13.161776379761164,11.4086310474944,0.8081081081081081,0.7855855855855856,0.02252252252252252,0.1918918918918919,0.5473484848484849,1,0.034482758620689655,0.06579849211788896,2726.190833333333
25017358300,2495.0,779900.0,164514.0,7.822044008185619,13.566920985318589,12.0107509519492,0.35502183406113536,0.016157205240174673,0.3388646288209607,0.6449781659388646,0.3703056768558952,0,0.04419983065198984,0.06255326401908982,4087.9758333333334
25017358400,2317.0,911700.0,146767.0,7.748028524432376,13.723066267572994,11.896601574251898,0.16959669079627715,0.05118924508790072,0.11840744570837643,0.827817993795243,0.15093333333333334,0,0.05586167585027551,0.05473965287049399,4778.8275
25017363102,1380.0,580500.0,113359.0,7.22983877815125,13.271645080120082,11.638315052871878,0.5731156651615145,0.06599513720041682,0.5071205279610976,0.4268843348384856,0.46445326596896425,0,0.07590467784642542,0.07724676886083559,3042.7875
25017368700,1421.0,448700.0,66111.0,7.259116128097101,13.014109791964074,11.099090426517867,0.8273645546372819,0.6198347107438017,0.20752984389348025,0.17263544536271808,0.7681017612524462,1,0.5590183093104791,0.11180366186209584,2351.9358333333334
25017370101,1700.0,530900.0,103219.0,7.438383530044307,13.182328958571762,11.544608223610837,0.4444068942210206,0.32308212233862793,0.1213247718823927,0.5555931057789794,0.4082460290638729,1,0.15337755516447812,0.11744738628649015,2782.8008333333332
25017370400,1719.0,448200.0,100956.0,7.449498005382849,13.012994840348963,11.522440057338814,0.7495130502532139,0.567588624853915,0.1819244253992988,0.25048694974678615,0.5296343001261034,1,0.10756756756756757,0.057089898053753474,2349.315
25017387202,1109.0,481800.0,147396.0,7.011213987350367,13.085284369162908,11.900878121327095,0.12673267326732673,0.06072607260726073,0.066006600660066,0.8732673267326733,0.044884488448844885,0,0.05411709820387217,0.0208577454886337,2525.435
25017383600,1586.0,394000.0,90143.0,7.368970402194793,12.884106188280072,11.409152577252835,0.391536408692337,0.05604269919939001,0.335493709492947,0.608463591307663,0.4539951573849879,0,0.23286579534587185,0.07517778530308161,2065.2166666666667
25017383700,1620.0,377400.0,92130.0,7.3901814282264295,12.841060911916587,11.430955902102978,0.17379310344827587,0.07448275862068965,0.0993103448275862,0.8262068965517242,0.22761194029850745,0,0.09368717330116606,0.032114724298121594,1978.205
25017361300,2142.0,966800.0,159917.0,7.669495251007694,13.781746927811465,11.982410209618633,0.1394335511982571,0.05969498910675381,0.07973856209150326,0.8605664488017429,0.19314641744548286,0,0.03983688833124216,0.058390578999018644,5067.643333333333
25017363202,1318.0,546100.0,140064.0,7.183870715062453,13.210557388140245,11.849854739990622,0.1971223021582734,0.07841726618705036,0.11870503597122302,0.7949640287769785,0.19640287769784173,0,0.043220993053768975,0.02058142526369951,2862.4741666666664
25017364101,1013.0,351500.0,104570.0,6.920671504248683,12.769964990232857,11.557611982592634,0.31853048041986276,0.12959224868792896,0.1889382317319338,0.6814695195801372,0.24209614551754005,0,0.06458406458406458,0.06788050203287962,1842.4458333333332
25017368102,1470.0,469000.0,121375.0,7.293017679772782,13.058358047428417,11.706640205593626,0.11752988047808766,0.023240371845949535,0.09428950863213811,0.8824701195219123,0.12145454545454545,0,0.17810712428497139,0.03250130005200208,2458.3416666666667
25017373500,2407.0,1125700.0,180694.0,7.786136437783072,13.933915622342896,12.104560271823182,0.2285567539804828,0.12840267077555212,0.10015408320493066,0.7714432460195172,0.16914600550964187,0,0.08078231292517007,0.043478260869565216,5900.544166666667
25017373800,2021.0,960600.0,156505.0,7.611347717403621,13.775313368212862,11.96084323733378,0.4682755936161931,0.20435967302452315,0.2639159205916699,0.5317244063838069,0.3069606571552097,1,0.06306913996627318,0.051073407202216065,5035.1449999999995
25017374500,1621.0,731600.0,125192.0,7.390798521735676,13.502989195498847,11.737603837843007,0.33932714617169374,0.2273781902552204,0.11194895591647332,0.6606728538283063,0.3096085409252669,1,0.055025996533795495,0.03744737425216042,3834.8033333333333
25017373600,1490.0,1492300.0,200250.0,7.306531398939505,14.21582911191956,12.207321864930606,0.32560386473429953,0.23671497584541062,0.08888888888888889,0.6743961352657005,0.2554067971163749,1,0.10990052108005685,0.09959123002601264,7822.139166666667
25017374000,281.0,812500.0,129848.0,5.638354669333745,13.60787119318603,11.774119814584907,0.14598961338718985,0.013271783035199077,0.13271783035199078,0.8540103866128101,0.10316529894490035,0,0.07731958762886598,0.07533469480372135,4258.854166666667
25025981000,,,,,,,,,,,,0,,,
25025981100,1561.0,378900.0,43333.0,7.353081920515432,12.845027597006693,10.676669748432332,0.20161290322580644,0.04032258064516129,0.16129032258064516,0.7983870967741935,0.6935483870967742,0,0.8297872340425532,0.1701388888888889,1986.0674999999999
25025981201,,,,,,,,,,,,0,,,
25025981202,,,,,,,,,,,,0,0.12558139534883722,,
25025981300,2353.0,413300.0,115893.0,7.763446388727362,12.931929000499824,11.660422630610004,0.9803921568627451,0.10588235294117647,0.8745098039215686,0.0196078431372549,0.25316455696202533,0,0.285,0.155,2166.380833333333
25025981501,,,,,,,,,,,,0,,,
25025981502,,,,,,,,,,,,0,,,
25013812103,1010.0,155700.0,47684.0,6.917705609835305,11.95568635782209,10.772351190837892,0.8043193717277487,0.21727748691099477,0.5870418848167539,0.1956806282722513,0.7989093387866394,1,0.6517437546376453,0.2372787610619469,816.1274999999999
25013812104,927.0,168900.0,55163.0,6.831953565565855,12.037062102795892,10.918047717665434,0.5753158406219631,0.4305150631681244,0.14480077745383868,0.42468415937803694,0.49972722313147844,1,0.4424913194444444,0.15190705830775975,885.3175
25013812201,867.0,191400.0,44719.0,6.7650389767805414,12.162120758000992,10.708153746219391,0.619793999104344,0.28929690998656515,0.33049708911777875,0.3802060008956561,0.6345530338119499,1,0.14297606659729448,0.17354166666666668,1003.255
25013812202,805.0,194400.0,44088.0,6.690842277418564,12.177673171008475,10.69394291556307,0.5993454885460495,0.10238429172510519,0.49696119682094436,0.2926601215521272,0.5652818991097923,0,0.2449084815674143,0.12939931198729823,1018.98
25013812403,871.0,188200.0,48904.0,6.769641976852503,12.145260506133416,10.797614471708561,0.3419718309859155,0.19154929577464788,0.1504225352112676,0.6580281690140845,0.38439306358381503,1,0.10065019505851755,0.08500651890482398,986.4816666666666
25013812404,,237100.0,81411.0,7.125121506989754,12.376237272053498,11.307265677995836,0.09569377990430622,0.09569377990430622,0.0,0.9043062200956937,0.13107822410147993,0,0.08111470515053495,0.07663597909927843,1242.7991666666667
25013813101,972.0,292200.0,66156.0,6.879355804460439,12.585193778298736,11.099770868377684,0.1968810916179337,0.056140350877192984,0.14074074074074075,0.8031189083820662,0.24073302790503956,0,0.018203269846620598,0.10651393400581297,1531.615
25013813102,,288000.0,89688.0,7.31959999405434,12.570715759118084,11.40409225983343,0.048354600402955,0.016118200134318333,0.03223640026863667,0.951645399597045,0.04428571428571428,0,0.01739588824459673,0.028729573010015816,1509.6000000000001
25013813208,1037.0,216100.0,71250.0,6.9440872082295275,12.283496542494976,11.173950098130897,0.19732441471571907,0.06438127090301003,0.13294314381270902,0.802675585284281,0.20234113712374582,0,0.016622340425531915,0.0711436170212766,1132.7241666666666
25025050700,1548.0,419700.0,58698.0,7.344719054149673,12.947295449321683,10.980160933685484,0.9073660714285714,0.8638392857142857,0.04352678571428571,0.08203125,0.7858428314337133,1,0.6966833095577746,0.24615109201575366,2199.9275
25025080300,1108.0,294600.0,35833.0,7.010311867307229,12.593373783010668,10.486624535512897,0.73568281938326,0.4107929515418502,0.3248898678414097,0.2643171806167401,0.7590799031476998,1,0.990426041168023,0.2575830524795378,1544.195
25025080500,611.0,492000.0,22500.0,6.415096959171596,13.106233995474446,10.021270588192511,0.8805436337625179,0.22103004291845493,0.6595135908440629,0.1123032904148784,0.952959028831563,1,0.8988169364881694,0.4396014943960149,2578.9
25025081100,1539.0,415200.0,50696.0,7.338888133838879,12.936515610833816,10.833602291003352,0.9042780748663102,0.23850267379679144,0.6657754010695187,0.09572192513368984,0.7217675941080196,1,0.3409980430528376,0.3251651982378855,2176.3399999999997
25025091600,1390.0,376800.0,46769.0,7.237059026124737,12.839469821684345,10.752975869264068,0.9289099526066351,0.7630331753554502,0.16587677725118483,0.07109004739336493,0.7659380692167578,1,0.5267224726336124,0.2524146812620734,1975.0599999999997
25025100500,1574.0,315800.0,46741.0,7.3613754289773485,12.66286438080368,10.752377002814772,0.8450304259634889,0.6283975659229208,0.21663286004056795,0.15496957403651115,0.6359964093357271,1,0.777536546533507,0.29967855055523085,1655.3183333333334
25025100900,1610.0,414300.0,78220.0,7.383989457978509,12.934345628065493,11.267280648309505,0.5386289445048966,0.3514689880304679,0.18715995647442873,0.4613710554951034,0.4319162045594578,1,0.6402546093064091,0.10893054024255788,2171.6225
25025110401,1516.0,428100.0,57875.0,7.323830566202317,12.967112092133037,10.966040791388535,0.7015530047265361,0.5070898041863605,0.19446320054017555,0.29844699527346386,0.5302293259207783,1,0.6284507042253521,0.1676056338028169,2243.9575
25025091800,1349.0,373600.0,38403.0,7.207118856207756,12.830940985336825,10.555890860524219,0.8647416413373861,0.7424012158054711,0.12234042553191489,0.135258358662614,0.7577586206896552,1,0.8820861678004536,0.28498147620404674,1958.2866666666666
25025092000,1445.0,396000.0,52993.0,7.275864600546533,12.889169490236618,10.877915108339828,0.8673361522198731,0.7484143763213531,0.11892177589852009,0.13266384778012685,0.6536473291211947,1,0.878249485692912,0.2042266691602768,2075.7
25025100100,947.0,366700.0,29483.0,6.853299093186078,12.812299354059418,10.291569105033412,0.73231031543052,0.46675191815856776,0.26555839727195224,0.26768968456947995,0.7564743298500681,1,1.0442577030812326,0.2763416690081484,1922.1191666666666
25025100601,1567.0,363900.0,71086.0,7.356918242356021,12.80463438360025,11.171645690636321,0.7860504920838682,0.5755241762943946,0.21052631578947367,0.2139495079161318,0.6711650922177238,1,0.4680495148879224,0.13900970224155235,1907.4424999999999
25025100700,1178.0,438700.0,87063.0,7.071573364211532,12.991571087154306,11.374387273506388,0.7142163998059194,0.5259582726831635,0.18825812712275594,0.28578360019408056,0.4521134296415195,1,0.019822282980177717,0.06994759626338573,2299.5191666666665
25025101102,1653.0,373800.0,46821.0,7.410347097821024,12.8314761740036,10.754087099210663,0.9406444318824194,0.7501413227812324,0.19050310910118712,0.059355568117580554,0.7916152897657214,1,1.0025306599182402,0.26535001955416504,1959.335
25025130200,1726.0,536100.0,109034.0,7.453561871643373,13.19207598981563,11.599415039177796,0.4,0.33613861386138616,0.06386138613861386,0.6,0.3516539440203562,1,0.07435365163238347,0.1073151901177379,2810.0575000000003
25025060600,3005.0,636100.0,137778.0,8.008032846969307,13.363111062666896,11.833398973146926,0.9493853940708604,0.18872017353579176,0.7606652205350687,0.05061460592913955,0.6692238267148014,1,0.07014636840651754,0.05909969621651477,3334.2241666666664
25025070900,1172.0,794200.0,55875.0,7.066466970136958,13.585090597679288,10.93087233191587,0.9366515837104072,0.3184389140271493,0.6182126696832579,0.06334841628959276,0.6922576447625244,1,0.5233179067283731,0.1579885877318117,4162.931666666666
25025092400,737.0,415500.0,31885.0,6.602587892189336,12.93723789327764,10.369890958749371,0.8694267515923567,0.535031847133758,0.3343949044585987,0.1305732484076433,0.8049476688867745,1,1.150099251794167,0.3982192201412343,2177.9125
25025030100,1799.0,577800.0,103850.0,7.4949862339505335,13.266983067014271,11.550702829304258,0.9308885754583921,0.4026798307475317,0.5282087447108603,0.0691114245416079,0.759409594095941,1,0.0844044558697515,0.08611825192802057,3028.6349999999998
25025000602,1449.0,379800.0,42746.0,7.278628942320682,12.847400077360323,10.663030902735755,0.9458502024291497,0.1548582995951417,0.7909919028340081,0.0541497975708502,0.9198161389172625,1,0.25158831003811943,0.3224904701397713,1990.7849999999999
25025082100,482.0,545100.0,20386.0,6.1779441140506,13.208724543052373,9.922603669728359,0.9764408918805216,0.29659234328986117,0.6798485485906605,0.023559108119478336,0.8794604003481288,1,0.9172173913043479,0.3601117708697171,2857.2325
25025060200,2104.0,579400.0,128409.0,7.651595573857601,13.269748364317387,11.76297576123951,0.7683508102955195,0.7159199237368923,0.052430886558627265,0.23164918970448045,0.4625779625779626,1,0.012200435729847494,0.026579520697167756,3037.021666666667
25025090400,963.0,343100.0,37283.0,6.870053411798126,12.74577722884654,10.526292737664825,0.7627711686494052,0.6599020293911827,0.10286913925822254,0.23722883135059483,0.5975232198142415,1,1.0754979157017137,0.28531727651690597,1798.4158333333332
25025120500,1446.0,485900.0,81250.0,7.27655640271871,13.093758120393995,11.305286100191983,0.8778409090909091,0.7225378787878788,0.1553030303030303,0.12215909090909091,0.71484375,1,0.5867944621938233,0.1989090909090909,2546.9258333333332
25025101001,1243.0,356500.0,44071.0,7.1252830915107115,12.784089518836488,10.693557248751725,0.5658657829328915,0.28127589063794534,0.28458989229494613,0.43413421706710853,0.5938209904588824,1,1.0362997658079625,0.25472179683512,1868.6541666666665
25027738202,1052.0,385200.0,123178.0,6.9584483932976555,12.861517958906107,11.72138574270721,0.2505108295872497,0.08827135267674703,0.16223947691050267,0.7310993052717614,0.21684737281067556,0,0.08492822966507177,0.02483817552310703,2019.09
25027732301,995.0,230900.0,75449.0,6.902742737158593,12.349739995342587,11.231212210297691,0.2712738525012893,0.2294997421351212,0.04177411036616813,0.7235688499226406,0.2393209200438116,1,0.22797927461139897,0.0497727764553127,1210.3008333333332
25027732802,1073.0,194900.0,61069.0,6.9782137426306985,12.180241885495652,11.019759651431075,0.43114109050028104,0.30916245081506466,0.12197863968521641,0.5570545250140528,0.32807137954701443,1,0.29098460786709013,0.12496943017852775,1021.6008333333333
25027732801,1300.0,205800.0,66711.0,7.170119543449628,12.234660102382087,11.108125135847542,0.4719681908548708,0.17256461232604373,0.29940357852882704,0.5061630218687873,0.42444444444444446,1,0.21462925851703407,0.09899799599198397,1078.735
25027738201,1630.0,351500.0,104474.0,7.396335293800808,12.769964990232857,11.556693515602444,0.12389380530973451,0.02781289506953224,0.09608091024020228,0.8761061946902655,0.14960629921259844,0,0.1307634164777022,0.06338383838383839,1842.4458333333332
25023520100,1393.0,327600.0,103527.0,7.239214973779806,12.69954863096105,11.54758772723223,0.2869988759835144,0.16710378418883476,0.11989509179467965,0.7130011240164855,0.23395037416305633,1,0.03852889667250438,0.019843032726195763,1717.17
25023501102,1567.0,792900.0,141902.0,7.356918242356021,13.58345238926049,11.862891957481507,0.26640926640926643,0.10246510246510246,0.16394416394416395,0.7335907335907336,0.21158612143742256,0,0.00836917354411252,0.0385433908725467,4156.117499999999
25023505101,1132.0,584600.0,107135.0,7.0317412587631285,13.278683131659283,11.581845000434827,0.05913798864016037,0.03942532576010692,0.01971266288005346,0.9408620113598396,0.09948062325209749,0,0.02293151533932445,0.02665013944840409,3064.278333333333
25023506101,,484900.0,122409.0,7.8405821980297015,13.091697963093443,11.715123175768973,0.054756195043964825,0.03916866506794564,0.015587529976019185,0.9452438049560352,0.06848149723521905,0,0.045305514157973174,0.022205663189269746,2541.6841666666664
25023506204,1545.0,381400.0,73998.0,7.3427791893318455,12.851603972148455,11.211793344794042,0.05884413309982487,0.040280210157618214,0.018563922942206657,0.9411558669001752,0.18551150269211944,0,0.025433526011560695,0.0651252408477842,1999.1716666666664
25023507101,2511.0,517500.0,119917.0,7.828436359157585,13.15676480412166,11.694555115785771,0.12092323130958355,0.011038635223281485,0.10988459608630206,0.8790767686904165,0.13090909090909092,0,0.014577777777777778,0.0680704302051189,2712.5625
25023507103,1795.0,855100.0,154063.0,7.492760300922379,13.658973700144047,11.945116888649986,0.010221465076660987,0.0,0.010221465076660987,0.989778534923339,0.04829721362229102,0,0.014647137150466045,0.017976031957390146,4482.149166666667
25023508101,1832.0,417500.0,105000.0,7.513163545234075,12.942039823273047,11.56171562913966,0.1782675947409126,0.04060324825986079,0.13766434648105183,0.8217324052590874,0.19141252006420545,0,0.022927180966113916,0.013123738102105566,2188.3958333333335
25023510200,1304.0,243900.0,73450.0,7.1731917424865985,12.404513584204011,11.204360181602024,0.2858513189448441,0.14244604316546763,0.1434052757793765,0.7141486810551558,0.26656472986748214,0,0.34033752481800134,0.04526543518056249,1278.4424999999999
25023523202,1268.0,329400.0,87328.0,7.145196134997171,12.705028096725677,11.377426423508066,0.12722298221614228,0.048221614227086186,0.07900136798905609,0.8676470588235294,0.15443745632424877,0,0.0553701643801755,0.0810777406995427,1726.6049999999998
25017332300,1575.0,473600.0,93125.0,7.362010551259734,13.068118362551933,11.44169795568186,0.2950017476406851,0.005592450192240475,0.2894092974484446,0.7049982523593149,0.23241017964071856,0,0.11083944580277098,0.027030698179842435,2482.4533333333334
25017336402,1161.0,418800.0,79969.0,7.057036981697891,12.945148757978519,11.289394338558493,0.585635359116022,0.22513812154696133,0.36049723756906077,0.4143646408839779,0.40658321743161796,1,0.06734534064212999,0.046270442760271244,2195.21
25017339900,1615.0,439600.0,84784.0,7.387090235656757,12.993620501511604,11.347862124732544,0.5295186194368756,0.4268846503178928,0.10263396911898275,0.4623069936421435,0.3924242424242424,1,0.19766536964980544,0.06439688715953307,2304.2366666666667
25017342600,1425.0,388300.0,65682.0,7.261927092702751,12.869533515719759,11.092580194332612,0.8176605504587156,0.6450688073394495,0.17259174311926606,0.17775229357798164,0.688125,1,0.5055102040816326,0.10775510204081633,2035.3391666666666
25017352800,1978.0,604400.0,107946.0,7.589841512182657,13.311991509380722,11.589386381064674,0.8486973947895792,0.591182364729459,0.2575150300601202,0.15130260521042085,0.6917127071823205,1,0.2400173611111111,0.0998263888888889,3168.0633333333335
25017352900,1868.0,847500.0,121625.0,7.532623618788788,13.650046118236743,11.708697819488306,0.8080601092896175,0.43579234972677594,0.3722677595628415,0.1919398907103825,0.45925361766945927,1,0.10045811518324607,0.024294156270518712,4442.3125
25017321600,1598.0,344400.0,94194.0,7.37650812632622,12.749559051535712,11.453111764268373,0.3541475359657178,0.03458830731558004,0.31955922865013775,0.6418732782369146,0.3748419721871049,0,0.12551291334781559,0.07987841945288754,1805.2299999999998
25027750100,957.0,278900.0,71280.0,6.863803391452954,12.53860857361558,11.17437106214469,0.46647350993377484,0.24544701986754966,0.22102649006622516,0.5335264900662252,0.5214669051878354,1,0.10945818979016599,0.06421725239616613,1461.9008333333331
25027750300,747.0,274100.0,59286.0,6.616065185132817,12.521248282290877,10.990128469423018,0.436,0.1448,0.2912,0.5368,0.41202090592334495,0,0.11914132379248658,0.11786646773591944,1436.7408333333333
25027754200,783.0,178700.0,40388.0,6.663132695990803,12.093463701147519,10.606287990124212,0.583485124468731,0.29993928354584093,0.2835458409228901,0.416514875531269,0.537359900373599,1,0.19364395367627255,0.21426611796982167,936.6858333333333
25027754400,911.0,205700.0,60679.0,6.814542897259958,12.234174075641048,11.013352953432145,0.5136579572446556,0.41152019002375295,0.1021377672209026,0.4584323040380047,0.4608753315649867,1,0.13745364647713226,0.04514435695538058,1078.2108333333333
25027757500,827.0,213500.0,72358.0,6.717804695023691,12.271392111650817,11.189381299547373,0.3418580375782881,0.14613778705636743,0.19572025052192066,0.6482254697286013,0.3432271991365353,0,0.27929854576561164,0.15526090675791274,1119.0958333333333
25027731202,,,,,,,,,,,,0,0.19499341238471674,,
25027736200,804.0,231600.0,89830.0,6.6895992691789665,12.352767024680977,11.405674274223252,0.15418502202643172,0.12649465072372562,0.027690371302706105,0.8395217117684078,0.15688859591298615,0,0.06727911375303972,0.038471958818748306,1213.97
25027736400,636.0,252700.0,84201.0,6.455198563340122,12.439958293376286,11.340962076644454,0.1703056768558952,0.09898107714701601,0.07132459970887918,0.7758369723435226,0.17597551644988524,0,0.08983525023313646,0.03730183400683867,1324.5691666666667
25027736500,949.0,268700.0,76348.0,6.855408798609928,12.501350794603583,11.243057115149783,0.13356164383561644,0.06457925636007827,0.06898238747553816,0.776908023483366,0.16287678476996298,0,0.01779279279279279,0.02972972972972973,1408.4358333333332
25025080100,1109.0,446300.0,31222.0,7.011213987350367,13.008746650617361,10.348878253516611,0.9,0.6012048192771084,0.2987951807228916,0.1,0.7213793103448276,1,0.8237918215613383,0.23479188900747064,2339.3558333333335
25025120400,1549.0,576300.0,91579.0,7.3453648404168685,13.264383637424757,11.42495726673675,0.847913862718708,0.3855989232839839,0.46231493943472407,0.15208613728129206,0.5436357364608486,1,0.19420156465715602,0.10997482693517936,3020.7724999999996
25025120700,1764.0,451300.0,96611.0,7.475339236566737,13.019887585815093,11.478447885353338,0.9310970081595649,0.3499546690843155,0.5811423390752494,0.06890299184043518,0.3731203007518797,1,0.28130360205831906,0.14911903738719381,2365.5641666666666
25025140201,1357.0,394300.0,71125.0,7.213031659834869,12.884867319865718,11.172194171428632,0.6241206030150753,0.3005025125628141,0.3236180904522613,0.3758793969849246,0.5715823466092572,1,0.5967676767676767,0.0993939393939394,2066.7891666666665
25025000402,1898.0,519400.0,77885.0,7.5485559791698735,13.160429578210785,11.262988658760706,0.796916890080429,0.4812332439678284,0.3156836461126005,0.20308310991957104,0.6296572280178837,1,0.09845449341728678,0.1745325022261799,2722.5216666666665
25025000601,1902.0,430200.0,76574.0,7.550661243105336,12.972005495815766,11.246012872523313,0.815282392026578,0.36411960132890364,0.4511627906976744,0.18471760797342193,0.6724376731301939,1,0.13813813813813813,0.09248850281042412,2254.9649999999997
25025030200,1859.0,489500.0,96250.0,7.527793987721444,13.101139740952702,11.474704252150032,1.0,0.2916666666666667,0.7083333333333334,0.0,0.8362235067437379,1,0.11025358324145534,0.10363836824696802,2565.795833333333
25025030500,1981.0,783700.0,110278.0,7.591357046698551,13.571781573040957,11.610759729318582,0.9502958579881656,0.1757396449704142,0.7745562130177515,0.04970414201183432,0.4993016759776536,1,0.06672025723472669,0.08145722472370037,4107.894166666666
25025040200,796.0,728400.0,52262.0,6.679599185844383,13.49860562683559,10.864024808529843,0.7197943444730077,0.28406169665809766,0.43573264781491,0.2802056555269923,0.5795755968169761,1,0.46620959843290893,0.28452497551420175,3818.03
25025050200,1460.0,382600.0,54753.0,7.286191714702382,12.854745335988289,10.91058744069813,0.9127551020408163,0.7653061224489796,0.14744897959183673,0.08724489795918368,0.7493304767005892,1,0.7236447112837718,0.13934135977337112,2005.4616666666668
25025050300,531.0,345800.0,20000.0,6.274762021241939,12.753615852231327,9.903487552536127,0.8285043069694596,0.2592012529365701,0.5693030540328896,0.17149569303054032,0.9197952218430034,1,0.5694779116465863,0.40562248995983935,1812.5683333333334
25025050600,1501.0,367500.0,69500.0,7.313886831633462,12.814478597635029,11.149082031552883,0.9750812567713976,0.71397616468039,0.2611050920910076,0.024918743228602384,0.8267441860465117,1,0.7271261588069327,0.0951229343006852,1926.3125
25025070300,1422.0,886100.0,113505.0,7.259819610363186,13.694585090035394,11.639602167796731,0.952965952965953,0.3236223236223236,0.6293436293436293,0.04703404703404703,0.5348924933987175,1,0.08159605469625644,0.0787525241193628,4644.640833333333
25025070500,1068.0,911100.0,102250.0,6.97354301952014,13.72240793970195,11.535176073905049,0.8352220520673813,0.3754977029096478,0.4597243491577335,0.16477794793261868,0.5463847203274216,1,0.24251859539871995,0.19788963847085278,4775.6825
25025070800,2139.0,791900.0,90547.0,7.668093709082406,13.582190400198504,11.413624331895797,0.9399277326106594,0.3008130081300813,0.6391147244805782,0.05374887082204156,0.6892218463025617,1,0.2857142857142857,0.1912216941571149,4150.875833333333
25019950200,1674.0,868200.0,86630.0,7.422971251049421,13.674177381847631,11.369401454884185,0.18730553827006846,0.15868077162414437,0.02862476664592408,0.8008711885500933,0.4056712962962963,1,0.1703065134099617,0.0933538225124856,4550.815
25009252101,1154.0,267400.0,66331.0,7.050989447068045,12.49650094364998,11.102412638540438,0.3414790996784566,0.12540192926045016,0.21607717041800642,0.6585209003215434,0.36882393876130826,0,0.3932867132867133,0.08690776562938043,1401.6216666666667
25009252603,1064.0,352600.0,91618.0,6.96979066990159,12.773089548945906,11.425383037907556,0.25680580762250454,0.1088929219600726,0.14791288566243194,0.7431941923774955,0.1524163568773234,0,0.134194474345174,0.010439164866810655,1848.2116666666668
25009254100,1181.0,510100.0,121182.0,7.074116816197362,13.142362063911017,11.705048826736443,0.3838420107719928,0.09587073608617594,0.2879712746858169,0.6161579892280071,0.1772853185595568,0,0.05230467473030402,0.0657184894556155,2673.7741666666666
25009260200,1117.0,225000.0,43140.0,7.018401799069201,12.323855681186558,10.672205919943147,0.7869565217391304,0.3279503105590062,0.45900621118012425,0.21304347826086956,0.7623574144486692,1,0.2817785051827605,0.21589934229339433,1179.375
25009261000,1150.0,238200.0,66157.0,7.047517221357296,12.380865935903337,11.099785984050369,0.45506582713222665,0.35317687464224384,0.10188895248998282,0.5449341728677733,0.45006165228113443,1,0.15676832530765114,0.08644986449864499,1248.5649999999998
25009261102,1177.0,244000.0,71584.0,7.0707241072602764,12.404923504275338,11.178626864289857,0.43870361672146546,0.07703147017379051,0.361672146547675,0.5612963832785345,0.3493427704752275,0,0.19228401395444286,0.16375949107326082,1278.9666666666665
25009266100,1183.0,373500.0,110764.0,7.075808863978387,12.83067328355501,11.61515709075342,0.2095608671484158,0.09783212896053363,0.11172873818788216,0.7904391328515842,0.1986989946777055,0,0.03147756636128729,0.03886255924170616,1957.7624999999998
25009268300,1202.0,463300.0,76552.0,7.091742115095153,13.04613007140474,11.245725527459099,0.5197645079899075,0.23086627417998318,0.2888982338099243,0.4802354920100925,0.2787193973634652,1,0.0347682119205298,0.05416272469252602,2428.4641666666666
25009204200,1254.0,378400.0,50729.0,7.134093721192866,12.84370711615986,10.834253018164596,0.8672150411280846,0.5981198589894242,0.2690951821386604,0.13278495887191538,0.6340938441670254,1,0.22224394057857702,0.22978555970883335,1983.4466666666667
25009205200,1313.0,313900.0,56612.0,7.180069874302796,12.656829742830045,10.94397625585373,0.5034687809712587,0.3751238850346878,0.12834489593657086,0.4965312190287413,0.47817154596815614,1,0.525105663567202,0.08486897717666948,1645.3591666666664
25009206100,1088.0,328000.0,29452.0,6.992096427415888,12.70076888736628,10.290517098488607,0.9075458871515976,0.3636981645139361,0.5438477226376615,0.09245411284840245,0.8048433048433048,1,0.6981891348088531,0.29551185073121533,1719.2666666666667
25009206400,1357.0,275400.0,62841.0,7.213031659834869,12.52597986527669,11.048363005673876,0.5342902711323764,0.42902711323763953,0.10526315789473684,0.46570972886762363,0.46491728465487736,1,0.5386877412240397,0.10084825636192271,1443.555
25023511400,1289.0,274600.0,50088.0,7.161622002939187,12.523070772316007,10.821536737425147,0.7484939759036144,0.6837349397590361,0.06475903614457831,0.25150602409638556,0.6747491638795987,1,0.7612888586339914,0.18881278538812785,1439.3616666666667
25023520202,977.0,350900.0,89978.0,6.884486652042782,12.768256561571306,11.407320474986545,0.45326132114665557,0.15371832156211052,0.29954299958454506,0.5467386788533444,0.3272646536412078,1,0.03860793909733551,0.03425774877650897,1839.3008333333335
25023521101,734.0,297700.0,91273.0,6.598509028614515,12.603841547003867,11.421610294478786,0.15732368896925858,0.05907172995780591,0.09825195901145269,0.8366485834840265,0.1621458710066305,0,0.02350570852921424,0.050056116722783386,1560.4441666666664
25023523201,1090.0,337100.0,95724.0,6.993932975223189,12.728134901222152,11.469224329699129,0.2321608040201005,0.2,0.032160804020100506,0.7678391959798995,0.22637590861889928,1,0.019174520636984077,0.03374957813027337,1766.9658333333334
25023544100,1375.0,307300.0,89306.0,7.226209010100671,12.635579748118577,11.399823953857213,0.0054107230693556324,0.0054107230693556324,0.0,0.9513034923757994,0.06487025948103792,0,0.024204468517264727,0.03560528992878942,1610.7641666666666
25023545200,1179.0,260900.0,64572.0,7.072421900537371,12.47189247112482,11.07553615927742,0.12595685455810718,0.06958942240779402,0.05636743215031315,0.7543493389004872,0.2796573875802998,0,0.1163986071961532,0.13317757009345793,1367.5508333333335
25023560100,1129.0,428200.0,91573.0,7.029087564149662,12.96734565513772,11.424891747386678,0.13762287756925826,0.1248138218647602,0.012809055704498064,0.8623771224307417,0.22179437812860994,0,0.02256116936765173,0.038608198284080075,2244.4816666666666
25023505102,1004.0,558700.0,126818.0,6.911747300251674,13.23336793544724,11.750508266746449,0.06966998428496594,0.028810895756940808,0.040859088528025146,0.930330015715034,0.11706783369803063,0,0.009278948385849604,0.038275662091629616,2928.5191666666665
25023507104,1397.0,630900.0,113889.0,7.242082359256962,13.3549026503589,11.642979568827707,0.11375661375661375,0.06128747795414462,0.05246913580246913,0.8862433862433863,0.12829268292682927,0,0.008793969849246231,0.031985624438454624,3306.9675
25023522101,1125.0,342700.0,102037.0,7.025538314638521,12.7446107078627,11.53309077158835,0.021406727828746176,0.021406727828746176,0.0,0.9657492354740062,0.015604681404421327,0,0.016670228681342165,0.028211156229963667,1796.3191666666664
25023545100,1347.0,268200.0,78724.0,7.205635176410364,12.499488249829716,11.273703343443328,0.06734434561626429,0.022236340533672173,0.04510800508259212,0.7824015247776366,0.13985751781027372,0,0.04806108698907022,0.08673469387755102,1405.8149999999998
25023510800,1167.0,293300.0,54034.0,7.062191632286556,12.588951254965542,10.897368757042468,0.795134443021767,0.5821596244131455,0.2129748186086214,0.20486555697823303,0.645346062052506,1,0.6948524169399686,0.18869278232171044,1537.3808333333334
25023505200,1230.0,565400.0,122072.0,7.114769448366463,13.245288724241627,11.712366313571572,0.14212432106216052,0.05461677730838865,0.08750754375377187,0.8578756789378394,0.2014209591474245,0,0.017662263067202758,0.06367647058823529,2963.638333333333
25023510600,1203.0,298200.0,113452.0,7.0925737159746784,12.605519681312774,11.639135118964015,0.04726890756302521,0.022058823529411766,0.025210084033613446,0.9453781512605042,0.06837606837606838,0,0.394896331738437,0.026812313803376366,1563.0649999999998
25023521202,1175.0,317300.0,91250.0,7.069023426578259,12.667602977571287,11.421358271444738,0.2385670731707317,0.21036585365853658,0.028201219512195123,0.7553353658536586,0.19875292283710055,1,0.006557377049180328,0.05245901639344262,1663.180833333333
25023506202,1531.0,445100.0,110000.0,7.333676395657684,13.006054255003946,11.608235644774552,0.18711656441717792,0.10429447852760736,0.08282208588957055,0.8128834355828221,0.19222689075630253,0,0.004554079696394687,0.04971537001897533,2333.065833333333
25023508102,1597.0,326300.0,95893.0,7.3758821482150125,12.695572482581412,11.470988265506703,0.06653225806451613,0.02066532258064516,0.04586693548387097,0.9334677419354839,0.1263326226012793,0,0.020363345977240967,0.04372130165701737,1710.3558333333333
25023511302,543.0,231000.0,68125.0,6.297109319933935,12.35017298950393,11.129099531965545,0.22638297872340427,0.04425531914893617,0.18212765957446808,0.7736170212765957,0.2839285714285714,0,0.4984266834487099,0.18337021814732848,1210.825
25009210400,1443.0,358900.0,77570.0,7.274479558773871,12.790799077135699,11.258936033484916,0.404319946000675,0.1532230847114411,0.25109686128923386,0.595680053999325,0.35292096219931274,1,0.1407293986636971,0.11193507765496012,1881.2341666666664
25023526100,1703.0,285100.0,92111.0,7.440146680662688,12.560595274900763,11.430749650507867,0.07427976397084346,0.05171815341895175,0.022561610551891705,0.8011107254425547,0.11293781272337383,0,0.04486196319018405,0.043328220858895705,1494.3991666666668
25023530300,1210.0,338300.0,68192.0,7.098375638590786,12.7316883547688,11.130082534898344,0.5253606328524896,0.33085155886458817,0.19450907398790135,0.4746393671475105,0.49783080260303686,1,0.01921598770176787,0.03894440174224955,1773.2558333333334
25023510900,433.0,213500.0,15587.0,6.07073772800249,12.271392111650817,9.65419251248905,0.8986988847583643,0.17007434944237917,0.7286245353159851,0.10130111524163568,0.9275653923541247,1,0.6108352144469525,0.5045662100456622,1119.0958333333333
25023511500,1260.0,247200.0,51947.0,7.138866999945524,12.417953004565673,10.857979247025447,0.7102564102564103,0.6442307692307693,0.06602564102564103,0.28076923076923077,0.6055592322964924,1,0.7146469558451664,0.2125594294770206,1295.74
25025020303,2856.0,600400.0,105195.0,7.957177323459475,13.305351378741443,11.56357104963912,0.9923922231614539,0.0084530853761623,0.9839391377852916,0.0076077768385460695,0.7736765420106848,0,0.25052192066805845,0.16901408450704225,3147.0966666666664
25025040401,1400.0,916700.0,118333.0,7.24422751560335,13.728535543949867,11.681257962884068,0.7882851093860268,0.41213832039520115,0.3761467889908257,0.17290049400141144,0.6201201201201201,1,0.08635286149678294,0.19945817812394176,4805.035833333333
25025040801,728.0,662700.0,53871.0,6.590301048196686,13.404077678076318,10.894347578710008,0.9469298245614035,0.1280701754385965,0.8188596491228071,0.05307017543859649,0.6984489051094891,0,0.3180365296803653,0.3620729723448757,3473.6525
25025050101,1085.0,348300.0,42414.0,6.98933526597456,12.760819456354092,10.65523377539901,0.9385665529010239,0.6772306192101414,0.2613359336908825,0.06143344709897611,0.7783452502553626,1,0.6551042415528396,0.27192667145938176,1825.6725
